cardinals	0.07256602495908737	-0.217344731092453	0.22196508944034576	0.1672242134809494	-0.10957758128643036	-0.036130569875240326	0.32439669966697693	-0.04719817638397217	-0.1506742537021637	-0.026137933135032654	-0.08557990193367004	0.1248069629073143	0.04750044271349907	-0.1439441591501236	-0.19215357303619385	0.024536022916436195	0.13611726462841034	0.24176694452762604	0.13485495746135712	0.1211739256978035	-0.2653011977672577	-0.1191735565662384	0.2855103611946106	0.14318984746932983	0.28205281496047974	0.115933358669281	0.17792202532291412	0.2237471491098404	0.290187805891037	0.17753930389881134	-0.10436981916427612	-0.21487241983413696	0.21048374474048615	-0.05686656013131142	-0.007552932482212782	0.2804741859436035	-0.15202488005161285	0.21270190179347992	-0.16199783980846405	0.06492410600185394	-0.19999317824840546	0.23121802508831024	-0.23774635791778564	-0.02277766354382038	-0.3098691701889038	0.25061824917793274	0.2505105435848236	-0.0762082189321518	-0.045258887112140656	-0.08897323906421661	-0.30361440777778625	-0.08040885627269745	0.00043718298547901213	0.24479398131370544	0.10514583438634872	0.23164160549640656	0.24428309500217438	-0.305030882358551	-0.08096228539943695	0.12062812596559525	-0.12010516226291656	-0.0777343213558197	-0.2374267578125	-0.10112115740776062	-0.18895524740219116	0.18395327031612396	0.2126682698726654	-0.19479647278785706	-0.30436235666275024	0.20655490458011627	-0.003191498341038823	-0.20652036368846893	-0.18557778000831604	0.3358922004699707	-0.2453221082687378	-0.04062501713633537	0.25999826192855835	-0.1816219687461853	0.22545690834522247	-0.3199593424797058	-0.02057488262653351	0.19001765549182892	0.08598008006811142	0.06763777881860733	-0.1543823629617691	-0.08935454487800598	-0.17115671932697296	-0.3148534297943115	0.28199413418769836	0.22608788311481476	0.1893705576658249	-0.05653508007526398	0.1967017650604248	0.26261940598487854	-0.2829495370388031	-0.08268802613019943	0.2739102840423584	0.25216779112815857	-0.014326478354632854	0.29622316360473633	0.28430214524269104	0.23231641948223114	0.06991686671972275	0.1230606734752655	-0.13241712749004364	-0.14111298322677612	-0.10579147189855576	0.032564640045166016	-0.02518204040825367	0.29436755180358887	-0.049289122223854065	0.09150326997041702	-0.257582426071167	-0.14987654983997345	-0.04280862584710121	-0.154727965593338	0.07852626591920853	-0.05082913860678673	0.2272605150938034	0.28587666153907776	-0.2123769074678421	-0.046938177198171616	0.2848893105983734	-0.2311943620443344	0.2598903179168701	-0.025802161544561386	-0.19377964735031128	-0.16095459461212158
falcons	-0.008675776422023773	-0.24606740474700928	0.250891774892807	0.0814848318696022	-0.282516747713089	0.16586433351039886	0.2664790153503418	-0.2589714825153351	0.23885934054851532	-0.19206516444683075	0.2071438729763031	0.12309268862009048	0.16215075552463531	-0.019819267094135284	-0.022548755630850792	0.24981172382831573	0.2716820240020752	0.2518390417098999	-0.014909614808857441	-0.22012747824192047	-0.02134901098906994	0.23744425177574158	0.2513832747936249	0.13519734144210815	-0.23726676404476166	-0.19037176668643951	0.2667556703090668	0.25476738810539246	-0.2031153440475464	-0.2741425931453705	-0.15522712469100952	-0.10127639025449753	0.28586074709892273	-0.18410076200962067	-0.2469666600227356	-0.19304879009723663	0.15389984846115112	0.15373067557811737	-0.25078389048576355	0.10909508168697357	0.25424307584762573	0.21695952117443085	-0.2782176434993744	-0.27775588631629944	0.2604212760925293	0.103854700922966	0.19510327279567719	-0.22595906257629395	0.2794504761695862	0.26219311356544495	0.1786925345659256	0.2690587043762207	-0.2639261782169342	-0.261080801486969	-0.2574397027492523	-0.055472761392593384	0.2502974271774292	0.2388973832130432	-0.08812877535820007	0.2080899029970169	-0.27281925082206726	-0.2627708613872528	-0.12731951475143433	-0.2903159558773041	0.22141572833061218	0.15617302060127258	0.010297253727912903	0.192592054605484	0.07270252704620361	-0.16056548058986664	0.09184455871582031	-0.19557401537895203	0.21083536744117737	0.23020736873149872	0.21777251362800598	-0.28385740518569946	-0.2558678090572357	0.05200466886162758	-0.13774967193603516	0.16818854212760925	-0.24303185939788818	-0.14088474214076996	-0.13948217034339905	0.2412208765745163	0.2882859408855438	-0.03098107874393463	0.16606390476226807	-0.13604392111301422	-0.20185954868793488	-0.1357090175151825	-0.16444529592990875	0.07501247525215149	-0.2693507969379425	-0.2416960895061493	0.22842895984649658	0.2722601294517517	0.14405392110347748	0.2743494212627411	0.014548195526003838	-0.16484585404396057	0.21517978608608246	0.13321635127067566	0.17014233767986298	0.26168903708457947	-0.2211817353963852	-0.158407524228096	0.2100832164287567	-0.2732895314693451	-0.17547179758548737	0.0689951479434967	-0.2544308602809906	0.22069987654685974	0.2607431709766388	0.07961751520633698	-0.1883351057767868	0.07305928319692612	-0.2162625789642334	-0.27732744812965393	0.25032973289489746	-0.12495438009500504	0.2129584103822708	-0.197976753115654	0.27361050248146057	0.287258118391037	0.12498985230922699	-0.05599929764866829	-0.1317748874425888	0.07240784168243408
ravens	0.23716703057289124	-0.2882775068283081	-0.30931317806243896	0.2685997486114502	-0.24787437915802002	0.21942263841629028	0.1708567887544632	0.2838760316371918	0.24644525349140167	9.822100400924683e-05	-0.19285771250724792	-0.16985838115215302	-0.17608842253684998	0.06180979683995247	0.04799008369445801	0.2642318606376648	0.2724377512931824	0.2330763339996338	0.005919520743191242	0.2678528428077698	0.2113732248544693	0.12843967974185944	-0.20750074088573456	0.16645017266273499	0.2841489613056183	0.1748408079147339	0.21467503905296326	-0.09671905636787415	0.17082279920578003	0.2942494750022888	0.20958812534809113	-0.25562500953674316	0.26490622758865356	0.1710026115179062	-0.1582867056131363	-0.12370018661022186	0.2393483817577362	-0.05708194896578789	-0.27188220620155334	0.2881743907928467	-0.13834397494792938	0.28420713543891907	-0.06175829470157623	-0.26643720269203186	-0.2340991497039795	0.09961888939142227	0.11666326224803925	-0.05821077898144722	0.23131227493286133	0.19433292746543884	-0.28709569573402405	0.12274958193302155	-0.29100602865219116	-0.12029906362295151	0.06701027601957321	-0.11579937487840652	0.07988613098859787	0.21368637681007385	-0.24545621871948242	0.002000925363972783	0.10018185526132584	-0.25254005193710327	-0.2845485806465149	-0.21726302802562714	-0.14350832998752594	-0.2108464539051056	0.2813376486301422	0.24147965013980865	0.16229385137557983	0.2953130304813385	0.22377368807792664	-0.10279332101345062	-0.02602279931306839	-0.23129668831825256	0.23578445613384247	-0.12002382427453995	-0.2829533815383911	-0.27549389004707336	0.2686324715614319	0.07182557135820389	-0.2783907949924469	0.20384185016155243	0.2772294878959656	0.1895965039730072	-0.2353518307209015	0.2649523615837097	0.1572088897228241	-0.006194846238940954	-0.28563326597213745	0.22783537209033966	-0.07116086035966873	0.12473751604557037	-0.03393397480249405	-0.15282312035560608	0.15666607022285461	0.20871832966804504	0.2690231204032898	-0.12624667584896088	-0.09620938450098038	-0.15247873961925507	-0.13261394202709198	-0.27552223205566406	0.22498294711112976	0.29878345131874084	-0.23966467380523682	-0.29744744300842285	0.1951756775379181	-0.1901092678308487	0.29077479243278503	0.16157373785972595	-0.20730093121528625	0.26259616017341614	0.1688694953918457	-0.03867598623037338	-0.08943811804056168	-0.0613054521381855	-0.14917567372322083	0.054258525371551514	0.0011409491999074817	0.17971065640449524	-0.17473047971725464	-0.2441466748714447	0.26065582036972046	-0.0761275440454483	-0.2421112060546875	-0.28016287088394165	0.2836928069591522	0.17603401839733124
bills	-0.03209340572357178	-0.04266519472002983	-0.002677787095308304	-0.03201937675476074	-0.027741743251681328	0.026854638010263443	-0.0299463402479887	-0.025030935183167458	-0.04879799112677574	-0.002074301242828369	0.04555236175656319	0.024743150919675827	-0.0448647141456604	-0.032592713832855225	0.022005680948495865	0.025021802634000778	0.023806128650903702	0.04685845598578453	-0.02045990340411663	-0.02313336171209812	0.024206649512052536	-0.027248455211520195	-0.023971235379576683	-0.01646430417895317	0.04202066734433174	0.04785342141985893	0.037731949239969254	0.0038018934428691864	0.045584093779325485	-0.014926444739103317	-0.019175458699464798	0.011703599244356155	0.03335775062441826	0.0016863830387592316	0.047307584434747696	0.04988831654191017	0.011455081403255463	0.013214323669672012	-0.01614619418978691	-0.01748601347208023	0.0452946312725544	-0.04620766639709473	0.0022460445761680603	0.047131333500146866	0.03668142482638359	0.026587817817926407	0.023771870881319046	-0.038603056222200394	0.015336263924837112	-0.02847893349826336	0.01593322679400444	-0.007378779351711273	0.015486840158700943	-0.040107548236846924	0.03780857101082802	0.022710468620061874	0.02111181989312172	0.049025919288396835	-0.0299215205013752	-0.002003110945224762	0.022359851747751236	-0.007580220699310303	0.03005235269665718	-0.029198825359344482	-0.03531257063150406	0.025621596723794937	0.004071880131959915	0.013642143458127975	-0.04973283037543297	-0.04182330518960953	0.0019168630242347717	-0.011225353926420212	-0.03515662997961044	-0.047836530953645706	0.0012227781116962433	0.04492730274796486	-0.030839908868074417	-0.019686926156282425	0.03252985700964928	0.017845120280981064	-0.007828999310731888	0.013982776552438736	0.045451413840055466	-0.017629016190767288	0.001601971685886383	0.04305248335003853	-0.030705928802490234	0.0171869657933712	-0.04148364067077637	0.04549093171954155	-0.027468383312225342	0.014293525367975235	0.04592252895236015	0.017139825969934464	-0.02191481553018093	0.04122615233063698	-0.04442489147186279	-0.0407085195183754	0.003331899642944336	-0.0332178957760334	-0.007040131837129593	0.03971142694354057	0.04347679391503334	-0.041898977011442184	0.048834074288606644	0.011143647134304047	0.03799260035157204	-0.016990233212709427	0.0073015205562114716	0.0022422559559345245	-0.004287146031856537	0.01943451538681984	-0.015662945806980133	0.0010991208255290985	0.047570813447237015	0.03894520923495293	-0.037817586213350296	-0.023884952068328857	-0.02952888049185276	0.024772528558969498	0.00814669206738472	0.0436701662838459	0.03935403749346733	0.016384031623601913	-0.010175250470638275	0.034756485372781754	-0.007146380841732025	-0.02994018793106079
panthers	-0.03932606056332588	-0.011800836771726608	-0.04018232971429825	0.043394122272729874	0.040089402347803116	0.02716245874762535	-0.01869969442486763	0.017730150371789932	0.024064455181360245	-0.0046555399894714355	-0.028583122417330742	0.023343469947576523	-0.042467035353183746	-0.0254997368901968	0.006127834320068359	0.012165416032075882	0.04643810912966728	-0.033130668103694916	-0.015993796288967133	0.008772004395723343	0.032874394208192825	0.020040657371282578	-0.012996435165405273	0.014274809509515762	0.016695354133844376	-0.0015760883688926697	0.033605705946683884	0.0027214884757995605	-0.04110823944211006	-0.002438534051179886	-0.002354610711336136	-0.020511819049715996	0.02646707370877266	-0.03858768939971924	-0.03441192954778671	-0.040207862854003906	0.009737003594636917	-0.041798483580350876	-0.0373164638876915	-0.0424170158803463	-0.03685339540243149	-0.046195533126592636	-0.0023622512817382812	0.023267295211553574	0.014962922781705856	0.045684944838285446	0.04070255532860756	0.003443252295255661	-0.023983526974916458	-0.032095156610012054	-0.01167367771267891	0.007770907133817673	-0.04229031875729561	0.042389143258333206	-0.0008078105747699738	0.013088058680295944	-0.03170188516378403	0.0278986357152462	-0.020048845559358597	-0.015993129462003708	-0.018256567418575287	0.00861910730600357	0.04282248392701149	0.0335547961294651	-0.04003884643316269	0.03872789070010185	-0.022894753143191338	-0.0468619130551815	0.015425864607095718	-0.0016231164336204529	0.027253899723291397	0.042879704385995865	0.00972200557589531	0.032979417592287064	0.03015505149960518	-0.03804846853017807	0.04293603077530861	0.022331062704324722	0.037284839898347855	0.01064244657754898	-0.0067442432045936584	0.01943187788128853	0.007444489747285843	-0.013326264917850494	0.021118614822626114	-0.012808453291654587	-0.01998542621731758	0.016526926308870316	-0.04708026722073555	0.037424471229314804	0.03324105963110924	0.042639266699552536	-0.006154656410217285	0.04180486127734184	0.049750301986932755	0.029797900468111038	0.03560497984290123	-0.01919083669781685	0.03756307438015938	0.0417790524661541	-0.032342925667762756	-0.035315774381160736	0.0009959712624549866	0.04560082033276558	0.04217418655753136	0.03573806211352348	-0.030819987878203392	0.03591170534491539	-0.03854072093963623	-0.02813892439007759	0.020390842109918594	-0.043584179133176804	-0.04317912086844444	0.017018768936395645	-0.026632023975253105	-0.02104400470852852	0.042829643934965134	-0.03232014179229736	-0.012106634676456451	0.017200935631990433	0.04920686408877373	-0.024716544896364212	0.0069048404693603516	0.022263232618570328	-0.030715811997652054	0.0010562166571617126	0.02537618950009346	-0.010705996304750443
bears	0.01552828773856163	-0.016781557351350784	0.01576126739382744	0.019630108028650284	-0.0036845803260803223	0.03473517671227455	-0.008816085755825043	0.047654058784246445	0.024809982627630234	-0.048200201243162155	-0.020268559455871582	-0.02340296469628811	0.016727004200220108	-0.02312445640563965	0.01839626207947731	-0.021608008071780205	0.011545967310667038	0.03149104490876198	-0.020727312192320824	-0.003247581422328949	0.0277891643345356	-0.0035429708659648895	0.03774530813097954	-0.024108970537781715	-0.004827737808227539	-0.028551805764436722	-0.04739345237612724	0.01845458522439003	0.014466319233179092	0.03500957414507866	0.019634578377008438	0.019284870475530624	0.002828586846590042	-0.019684040918946266	-0.019867872819304466	-0.00026919692754745483	-0.000560808926820755	-0.0063508041203022	0.015002820640802383	-0.0009422674775123596	-0.028158927336335182	0.028905954211950302	0.04739360883831978	0.035947274416685104	-0.03462843969464302	0.023110639303922653	-0.005518518388271332	-0.028667641803622246	0.0036798715591430664	-0.014721881598234177	0.0235360749065876	0.01802000030875206	-0.049191225320100784	0.0004871860146522522	-0.046016085892915726	0.005048681050539017	0.0061547160148620605	0.011173319071531296	-0.03670400381088257	0.020120251923799515	0.020781520754098892	0.027822304517030716	-0.03876171261072159	0.039831165224313736	-0.03133191913366318	-0.00012142583727836609	-0.02219565026462078	0.018747780472040176	0.0335288904607296	0.022328350692987442	-0.03927084058523178	0.03762250021100044	-0.0016304142773151398	-0.007739245891571045	0.004666637629270554	0.042395126074552536	-0.0422900915145874	0.03330877050757408	0.0040122270584106445	0.038344886153936386	-0.025480080395936966	0.014076877385377884	0.0022828467190265656	0.011318337172269821	-0.04452915117144585	-0.043466296046972275	-0.03784141689538956	0.040800776332616806	0.04892391338944435	-0.006523095071315765	-0.0289497971534729	0.014084342867136002	0.013308439403772354	0.037475135177373886	0.020952913910150528	0.00640488788485527	-0.03552984073758125	0.006841182708740234	0.029522646218538284	-0.018366944044828415	0.031149055808782578	0.023369204252958298	-0.012793172150850296	0.011188209056854248	0.035475049167871475	-0.0074503421783447266	0.046215999871492386	-0.01210864633321762	-0.002629470080137253	-0.04467520862817764	-0.00473480299115181	0.0164109505712986	0.041103336960077286	-0.0023300647735595703	-0.044995058327913284	-0.0026763081550598145	0.04594259336590767	0.046696845442056656	-0.042930591851472855	0.03589855507016182	-0.004923142492771149	0.029273223131895065	0.007542014122009277	-0.0332440510392189	0.0071485042572021484	0.0029670484364032745	-0.04601100832223892	0.001026451587677002
bengals	0.04916668310761452	-0.000723518431186676	-0.026184989139437675	0.01728096976876259	-0.002824150025844574	-0.007412422448396683	0.0038161762058734894	0.006978072226047516	0.0117606520652771	-0.04642319679260254	-0.02432990074157715	0.0004184134304523468	0.01000988483428955	-0.01564709097146988	0.03933892026543617	-0.01290971040725708	0.0405004657804966	0.0060315728187561035	0.03992455080151558	0.028444338589906693	0.03705935552716255	0.04257131740450859	0.008323729038238525	0.0068212151527404785	-0.021550476551055908	-0.018492676317691803	-0.014699794352054596	0.02700657770037651	-0.024494851008057594	0.04901334270834923	-0.011114895343780518	0.04734529182314873	0.045788075774908066	0.03183100000023842	0.012181460857391357	0.031375136226415634	-0.045854199677705765	0.0015561096370220184	-0.008160877972841263	0.019864726811647415	-0.04605761915445328	-0.02985670603811741	-0.010413266718387604	0.02734820917248726	0.03184415027499199	0.019167039543390274	0.03279861435294151	0.02326679602265358	0.03260136768221855	-0.037329208105802536	0.0043465495109558105	0.012227773666381836	0.015374254435300827	0.04266977682709694	0.014525782316923141	0.010559070855379105	-0.039892543107271194	-0.014602206647396088	-0.04683102294802666	-0.013238240033388138	0.03986727073788643	-0.0068010203540325165	-0.023222018033266068	0.04802539572119713	0.04513159766793251	-0.041177500039339066	0.022812630981206894	-0.034422777593135834	-0.014171518385410309	0.04036785289645195	-0.01949629746377468	-0.033201444894075394	0.029987920075654984	-0.030731379985809326	-0.01328720897436142	-0.011449970304965973	-0.020288361236453056	0.005909241735935211	-0.03487818315625191	0.04775956645607948	0.018315862864255905	0.02492835745215416	0.022116731852293015	-0.0006083846092224121	-0.013797271996736526	0.029666554182767868	-0.047994114458560944	0.01596817746758461	0.016624096781015396	-0.018572580069303513	-0.03952904790639877	-0.01947096548974514	-0.04824012517929077	-0.0037387385964393616	-0.011384807527065277	-0.01113571971654892	0.047121379524469376	0.0450323261320591	0.027112457901239395	0.04781993851065636	-0.02796877734363079	0.017003919929265976	-0.011267293244600296	0.02058887854218483	0.046334158629179	0.00910038873553276	-0.04080524295568466	0.006705831736326218	0.03052004799246788	0.0042045339941978455	-0.01573268324136734	-0.027460157871246338	0.012376941740512848	-0.002332020550966263	-0.04767498001456261	0.004520643502473831	-0.0436064712703228	-0.002800978720188141	0.03563426807522774	-0.024462664499878883	0.021937403827905655	0.0034201964735984802	-0.014899421483278275	0.04713037982583046	-0.002862691879272461	0.03790586069226265	-0.03896065801382065	-0.039349425584077835
browns	-0.02066521719098091	0.011505506932735443	-0.04732946306467056	0.03452906385064125	0.03967444971203804	-0.02537773922085762	-0.01946507766842842	-0.035389553755521774	0.04059426859021187	-0.011667907238006592	-0.03556935861706734	0.0014349929988384247	-0.005644023418426514	0.026799369603395462	-0.03233835846185684	-0.038345955312252045	-0.016716647893190384	0.01992732658982277	0.043384503573179245	-0.01464773342013359	-0.026660168543457985	0.019305650144815445	0.039619121700525284	-0.024571551010012627	0.00835280492901802	-0.01419149711728096	-0.01776503399014473	0.0408766008913517	0.006403125822544098	0.037602487951517105	0.001470327377319336	0.02217160537838936	-0.012341808527708054	-0.026091326028108597	0.029889415949583054	-0.009760163724422455	-0.02197294309735298	0.006463039666414261	0.010068833827972412	0.005691684782505035	-0.030399693176150322	0.013686452060937881	0.010937750339508057	0.01303938403725624	0.004863858222961426	-0.01367335394024849	-0.00896679237484932	-0.028829490765929222	-0.002454150468111038	0.029033351689577103	-0.009610533714294434	-0.013792205601930618	0.0010291337966918945	0.043949734419584274	-0.019441915675997734	0.0036321505904197693	0.005984880030155182	-0.04622779041528702	0.03329936042428017	0.03653335943818092	0.0418887622654438	0.048135194927453995	-0.017730604857206345	-0.021714091300964355	0.012564290314912796	-0.03170996904373169	0.030078496783971786	-0.016583312302827835	-0.012702010571956635	0.009980153292417526	-0.036250580102205276	-0.033996690064668655	-0.024383723735809326	0.043171729892492294	0.031947698444128036	0.02119619771838188	0.035234060138463974	0.009679745882749557	-0.02370457723736763	0.015855398029088974	-0.04254244640469551	-0.0445094108581543	0.006920170038938522	-0.04187430068850517	-0.016612350940704346	0.02393544837832451	-0.020694483071565628	-0.008329678326845169	0.02372359111905098	0.042738404124975204	-0.028451835736632347	0.04706685617566109	-0.011715792119503021	0.01052071899175644	-0.005662761628627777	-0.029507959261536598	0.0023485198616981506	0.010928310453891754	-0.011809289455413818	0.01376337930560112	-0.018674660474061966	-0.007229946553707123	-0.01943308115005493	0.0289233960211277	-0.02234184741973877	-0.010884664952754974	0.013812076300382614	-0.025288153439760208	0.020149145275354385	-0.042995478957891464	0.0426846481859684	0.009784616529941559	-0.0256190188229084	0.036368515342473984	-0.023625075817108154	0.012117922306060791	0.008819319307804108	0.01892947033047676	0.024398479610681534	0.024472679942846298	-0.030454790219664574	-0.03406260162591934	0.031112324446439743	0.030043158680200577	0.021842751652002335	-0.004372168332338333	0.03582978621125221	-0.03770481422543526
cowboys	-0.01938345469534397	0.012501027435064316	0.023591939359903336	0.023437511175870895	-0.030841946601867676	0.014636043459177017	0.030680369585752487	-0.038546014577150345	-0.025938570499420166	-0.02340381219983101	0.04541000351309776	-0.03190300613641739	-0.002758502960205078	0.039248254150152206	0.004975117743015289	-0.024233901873230934	-0.024575864896178246	0.013012934476137161	-0.010336540639400482	0.04044070467352867	0.0115516297519207	-0.0466320626437664	-0.04680010303854942	-0.027191901579499245	-0.03177310526371002	0.02704203501343727	0.017933998256921768	-0.027703894302248955	0.01758122816681862	-0.03567459434270859	0.012814093381166458	0.027095545083284378	0.034236881881952286	-0.01825876161456108	-0.02075212076306343	0.04774590954184532	-0.01533883810043335	-0.00491945818066597	0.025532137602567673	-0.02857760153710842	0.03734102472662926	0.005597852170467377	-0.021566664800047874	0.04404541477560997	-0.0483991876244545	-0.04454921558499336	0.040994469076395035	-0.03398876264691353	0.0043617114424705505	0.002775084227323532	0.04986855760216713	0.0031816475093364716	0.037775877863168716	0.04320278391242027	0.005790330469608307	0.0284404493868351	-0.030682969838380814	0.0008867159485816956	0.02158549055457115	-0.04016439989209175	-0.04999847337603569	0.019275937229394913	0.019106660038232803	-0.03471214696764946	-0.04404241964221001	-0.027480244636535645	0.03462256118655205	0.03525156155228615	-0.028322791680693626	0.038450490683317184	-0.014076102524995804	0.0006870031356811523	0.01757771149277687	-0.010310471057891846	-0.028755808249115944	-0.011415231972932816	0.033836256712675095	0.03872453048825264	-0.04613105207681656	-0.004290331155061722	0.003975726664066315	-0.042092036455869675	-0.028685975819826126	-0.014520250260829926	0.019341502338647842	-0.02731248177587986	-0.015487231314182281	-0.006710361689329147	0.04512440040707588	0.01959696039557457	-0.0016173608601093292	-0.032045114785432816	0.011389397084712982	-0.03889937326312065	-0.003947712481021881	0.030837323516607285	0.011757124215364456	-0.018234599381685257	0.024806883186101913	-0.03433580696582794	-0.04441123083233833	0.01875952258706093	0.030994582921266556	0.017905477434396744	-0.0024722442030906677	-0.010210394859313965	-0.026978863403201103	0.04026666656136513	-0.043524812906980515	0.03054732456803322	-0.04493720456957817	-0.004224587231874466	0.026632871478796005	-0.02433941327035427	-0.023448551073670387	0.01056819036602974	0.014582943171262741	-0.015256334096193314	0.019286002963781357	-0.024027276784181595	1.0348856449127197e-05	-0.003122139722108841	-0.04879406839609146	-0.03446180745959282	-0.028816331177949905	0.02406313642859459	-0.0045870766043663025	-0.046612489968538284
broncos	0.0032516345381736755	0.01701228693127632	0.009745322167873383	-0.03811105340719223	0.0026415102183818817	0.040664348751306534	-0.043224334716796875	-0.013793658465147018	0.019651595503091812	0.02576683834195137	-0.020971108227968216	-0.01891850307583809	-0.004939030855894089	-0.00934986025094986	0.007646180689334869	0.011154364794492722	0.02562786266207695	0.031678784638643265	-0.019498242065310478	-0.010631658136844635	0.01884010061621666	0.0018416866660118103	-0.03684785217046738	-0.020215237513184547	0.02311648055911064	0.010452352464199066	-0.00744934007525444	-0.01425161212682724	0.03364962711930275	0.0007980689406394958	0.04284575209021568	0.04325466230511665	0.04584481939673424	-0.03994201496243477	0.03705236688256264	-0.02682577446103096	-0.04112657159566879	-0.04757286235690117	0.028409864753484726	0.027822528034448624	-0.04548546299338341	0.018639039248228073	-0.009099971503019333	0.02198106423020363	-0.03174687922000885	-0.045635174959897995	-0.04673737287521362	0.04994000121951103	0.009407341480255127	-0.04079989343881607	0.006617307662963867	-0.024167751893401146	0.02335149422287941	0.04960259422659874	0.04916003718972206	0.0022494420409202576	-0.03595920652151108	0.04944269731640816	-0.015492510050535202	-0.028837407007813454	0.0049950480461120605	0.029458772391080856	-0.00646122545003891	0.017536628991365433	0.028039123862981796	-0.023145198822021484	-0.03079918585717678	-0.042813658714294434	-0.045682262629270554	-0.003151319921016693	-0.013246584683656693	0.04794501140713692	-0.024030376225709915	0.03768477216362953	-0.04957163333892822	0.01230931282043457	-0.00025069713592529297	0.019299831241369247	0.04251180961728096	-0.029685068875551224	-0.016368698328733444	-0.018933570012450218	0.009120047092437744	-0.03304183483123779	0.04276058450341225	-0.04137643426656723	-0.0034721270203590393	0.01616530492901802	0.029314074665308	-0.018449462950229645	0.006594967097043991	0.008768558502197266	0.04453647509217262	0.003009796142578125	-0.027485502883791924	-0.04444683715701103	0.03260079398751259	0.01680329069495201	0.035128746181726456	0.008734989911317825	-0.035368382930755615	0.02440129593014717	-0.030621444806456566	-0.0451059453189373	-0.042952727526426315	-0.016324661672115326	-0.04564354568719864	0.026574764400720596	0.037747327238321304	-0.020252859219908714	0.0017895214259624481	-0.005456112325191498	-0.010943949222564697	0.04421946033835411	-0.04249373823404312	-0.0018137916922569275	-0.042051516473293304	0.007474936544895172	0.04175565019249916	-0.012561164796352386	-0.03178812563419342	0.024438772350549698	0.0016609542071819305	-0.03303571045398712	-0.03949260711669922	-0.005902789533138275	0.02478024736046791	0.049679506570100784
lions	-0.183811217546463	-0.24981215596199036	-0.15282782912254333	0.25694555044174194	-0.23367823660373688	0.26110413670539856	0.27276501059532166	-0.26128706336021423	0.19112862646579742	-0.255326509475708	0.15759660303592682	-0.25459372997283936	0.1955333948135376	-0.1869591325521469	0.28349801898002625	0.17406679689884186	-0.06704254448413849	0.2583375871181488	0.004058791324496269	0.13706621527671814	-0.17820875346660614	0.23082637786865234	-0.1363249272108078	-0.2314811795949936	0.14803890883922577	0.0927874892950058	0.23940509557724	0.25887835025787354	0.21300214529037476	-0.25775259733200073	-0.11302599310874939	-0.2334313690662384	0.2632015347480774	-0.233350470662117	-0.24054737389087677	-0.2391500174999237	-0.1689637154340744	-0.005275495816022158	0.033084601163864136	-0.1956261396408081	-0.06453467160463333	0.2694237232208252	0.06901825964450836	-0.1888076215982437	0.19529327750205994	0.23537708818912506	-0.026479357853531837	-0.24692445993423462	0.1490887552499771	-0.2811613082885742	0.25314417481422424	0.25725746154785156	-0.188527911901474	0.0028703883290290833	0.05233452096581459	0.21694792807102203	0.2184724509716034	-0.21783897280693054	0.25639110803604126	0.14095769822597504	-0.23729515075683594	-0.21337498724460602	-0.2715778648853302	-0.25569117069244385	0.2115754783153534	-0.22727835178375244	0.16802477836608887	-0.12576308846473694	0.21347148716449738	-0.1355200707912445	0.28208813071250916	0.2691689431667328	0.10405336320400238	0.18542616069316864	0.04448344185948372	-0.014979987405240536	-0.26466721296310425	-0.23740887641906738	0.280215859413147	0.2456510215997696	-0.21702679991722107	-0.0699940100312233	-0.014026503078639507	0.22539953887462616	0.20904992520809174	0.2296212613582611	0.19904135167598724	-0.18347759544849396	-0.20264571905136108	0.21743254363536835	-0.170602485537529	-0.2678399980068207	-0.2365516871213913	0.07365595549345016	0.039354026317596436	0.06042088568210602	0.26379311084747314	0.14917035400867462	-0.057008545845746994	-0.24909521639347076	-0.010547800920903683	-0.20227256417274475	-0.09768431633710861	0.18856433033943176	-0.2881205081939697	-0.24766425788402557	0.14526253938674927	-0.19957177340984344	0.19418984651565552	-0.21710725128650665	-0.16795432567596436	0.2543940246105194	0.13946454226970673	-0.2510722875595093	-0.19377918541431427	0.03284940496087074	-0.0929238572716713	0.15147462487220764	0.1496700495481491	0.2734605669975281	0.07786310464143753	-0.2673196494579315	0.20283900201320648	-0.04860993102192879	-0.17141099274158478	-0.19258178770542145	0.2704947888851166	0.2812122702598572
packers	0.03139087185263634	0.020387712866067886	0.029910359531641006	0.015870701521635056	-0.034716010093688965	-0.04019717127084732	0.007923029363155365	-0.01487346738576889	-0.0007931701838970184	0.02322966977953911	0.017694655805826187	0.03394613042473793	0.03361989185214043	-0.003138352185487747	0.04193617030978203	0.046461496502161026	0.02239121124148369	-0.010048113763332367	0.04895171895623207	-0.04882485792040825	0.026134122163057327	-0.03379424661397934	0.01547691598534584	-0.03289911895990372	0.016831982880830765	0.04903019592165947	0.04882622882723808	0.043359313160181046	-0.007042694836854935	0.04822920635342598	-0.00679779052734375	-0.00697244331240654	0.004947267472743988	0.03363693132996559	0.015683438628911972	-0.01617342233657837	0.006969176232814789	0.016772594302892685	0.018007148057222366	-0.03363516181707382	0.003868900239467621	-0.0327099934220314	0.04864506796002388	-0.0445232056081295	0.017786849290132523	0.034708622843027115	0.04786744341254234	0.03322065994143486	0.011785827577114105	0.024656984955072403	-0.008673012256622314	0.022854093462228775	-0.023783279582858086	-0.01622377708554268	-0.003910265862941742	0.00880272313952446	0.04241645708680153	0.011112235486507416	0.04031653329730034	-0.0002704039216041565	0.023148801177740097	-0.03547102212905884	0.03419436141848564	-0.03470803424715996	0.013225127011537552	-0.012316249310970306	0.03030027076601982	-0.017586566507816315	-0.02964496612548828	0.004095055162906647	-0.03907667472958565	-0.007821571081876755	-0.013378001749515533	-0.03350351005792618	-0.0020986683666706085	0.04092760011553764	-0.012259852141141891	-0.01626138761639595	-0.01467745378613472	-0.01005854457616806	0.023539546877145767	-0.04827621206641197	0.04126918688416481	-0.04148464277386665	0.019215475767850876	-0.03474756330251694	0.03766781464219093	0.046744752675294876	-0.005595732480287552	-0.017753910273313522	0.009391248226165771	-0.0035380832850933075	-0.007006097584962845	-0.027255846187472343	-0.0030250661075115204	0.015785958617925644	-0.01681351661682129	-0.03765510395169258	-0.029877901077270508	-0.016956984996795654	-0.023567546159029007	-0.031498491764068604	0.01936763897538185	-0.03030266799032688	0.026881586760282516	-0.01431284099817276	-0.016498733311891556	-0.02157452143728733	0.0037819966673851013	0.04959747567772865	-0.025603462010622025	0.008250366896390915	0.019553672522306442	0.01892811432480812	0.01314547285437584	0.047062311321496964	0.03299276903271675	-0.022895444184541702	0.022415075451135635	0.010156095027923584	-0.034902118146419525	0.02671290561556816	-0.01781822368502617	0.0015452131628990173	-0.029545700177550316	0.025327052921056747	-0.04254887253046036	-0.0361296646296978
texans	0.012957047671079636	-0.04793449863791466	0.034947242587804794	0.0033023133873939514	0.01095132902264595	-0.023440707474946976	-0.026115287095308304	0.03631994500756264	-0.04153953865170479	-0.04174398258328438	0.01900951936841011	0.04989394173026085	-0.04201868921518326	-0.0025874972343444824	-0.04103151708841324	-0.008063875138759613	0.02060825750231743	0.010010290890932083	0.025331150740385056	0.01701519265770912	-0.03026723861694336	-0.003370247781276703	0.0464671365916729	0.03640284761786461	0.03220481798052788	-0.03965742513537407	0.03104904666543007	-0.01888359896838665	-0.027028227224946022	0.003490366041660309	0.02395148202776909	-0.04008736461400986	-0.04087481647729874	-0.029925240203738213	-0.002067137509584427	0.045896437019109726	0.004042185842990875	0.031841907650232315	-0.010141290724277496	0.01669624075293541	0.020823050290346146	-0.03963800519704819	-0.048185255378484726	0.024189937859773636	-0.011617351323366165	-0.026973819360136986	0.02421541139483452	0.04923403635621071	0.002539396286010742	0.005343042314052582	-0.0055525898933410645	-0.02309880219399929	0.005188547074794769	0.046041954308748245	-0.015334833413362503	-0.01479639858007431	-0.005205631256103516	-0.0007024407386779785	-0.014349877834320068	-0.03252001851797104	0.00322115421295166	-0.03711266443133354	0.025006834417581558	0.032051216810941696	-0.014084506779909134	-0.03997992351651192	0.020231973379850388	-0.017937004566192627	0.022020552307367325	0.03230743482708931	0.005287885665893555	0.025574389845132828	-0.007570862770080566	-0.04059711843729019	-0.0445370189845562	-0.0035682208836078644	0.03226436302065849	0.042095933109521866	0.013625811785459518	0.0003973245620727539	0.03539438173174858	0.012457024306058884	-0.037807393819093704	0.027346979826688766	0.0037088170647621155	-0.022824300453066826	0.006671227514743805	-0.010541964322328568	0.03238585218787193	-0.004784382879734039	0.004513941705226898	0.00583876296877861	0.033126723021268845	-0.01690126582980156	0.021482955664396286	0.016426775604486465	0.048262182623147964	0.03909588232636452	-0.020682847127318382	0.012617971748113632	0.03327137604355812	0.008700944483280182	0.037415552884340286	0.03541452810168266	-0.00814967229962349	0.02072024717926979	0.025133881717920303	0.03576810285449028	-0.03256972134113312	0.027088675647974014	0.028295788913965225	-0.02304772101342678	-0.011608242988586426	-0.00850977748632431	0.015500608831644058	0.03316323831677437	0.03733128681778908	-0.03842085599899292	0.049629177898168564	-0.02834688499569893	-0.040837835520505905	0.026436101645231247	-0.034767962992191315	-0.005444727838039398	0.0038046352565288544	-0.02880760468542576	0.017962012439966202	0.006297539919614792
colts	-0.06327161192893982	0.014365896582603455	0.18660315871238708	0.21950489282608032	-0.09586238861083984	0.2813071012496948	0.25055131316185	-0.14741699397563934	0.18048951029777527	-0.19989646971225739	-0.060706548392772675	-0.270865797996521	0.20001304149627686	0.06524243950843811	0.24646085500717163	0.2605109214782715	-0.07937120646238327	0.28039759397506714	-0.2146381288766861	-0.009519737213850021	-0.24351458251476288	0.24559389054775238	0.17165671288967133	-0.21541211009025574	0.18281471729278564	0.1293036788702011	0.22397293150424957	0.21680216491222382	-0.15354900062084198	-0.2549341022968292	-0.1851130723953247	-0.23427385091781616	0.18135708570480347	-0.2842671275138855	0.1768525242805481	-0.22956067323684692	0.24398012459278107	-0.22431382536888123	-0.1819743514060974	0.012514005415141582	0.24255484342575073	0.22460713982582092	0.008813086897134781	-0.2585233449935913	0.0007676659733988345	0.23702523112297058	0.22816909849643707	-0.2831968367099762	0.28637880086898804	0.1305546760559082	0.22748656570911407	0.26394206285476685	-0.09342174232006073	-0.26766708493232727	0.20292015373706818	0.21178650856018066	0.25718772411346436	0.20077912509441376	-0.030804714187979698	-0.030288349837064743	-0.09522535651922226	0.13956834375858307	-0.15930965542793274	-0.2167051136493683	0.18142321705818176	-0.2569129765033722	0.2385750710964203	0.23900026082992554	0.24310952425003052	0.08210133016109467	0.26384294033050537	0.2667221128940582	-0.11336178332567215	-0.09104996919631958	0.14003050327301025	-0.2614600658416748	-0.04791269451379776	-0.041874516755342484	0.250051349401474	0.24798762798309326	-0.22856765985488892	-0.1344582587480545	-0.23619632422924042	0.28069519996643066	0.19614501297473907	0.18225857615470886	0.2509223520755768	-0.22742900252342224	-0.2547028660774231	0.1309204399585724	-0.04179568216204643	-0.23659278452396393	-0.22427326440811157	-0.05557535961270332	-0.014904709532856941	0.2024534046649933	0.2734907865524292	0.1858273148536682	-0.1310790628194809	-0.2309151291847229	-0.08919112384319305	-0.2440156191587448	-0.10915593057870865	0.1452060043811798	-0.10635290294885635	-0.23004065454006195	0.1932438462972641	-0.26892003417015076	-0.013092047534883022	-0.2696022093296051	0.07436022907495499	0.22546795010566711	-0.05791841819882393	-0.2390972524881363	-0.010582882910966873	0.17503958940505981	0.26232948899269104	0.0942673608660698	0.23457585275173187	0.14261497557163239	0.03903002664446831	-0.2524055242538452	0.18991412222385406	0.14111478626728058	-0.08536922186613083	-0.01421214547008276	0.18772272765636444	0.25081557035446167
jaguars	-0.25106993317604065	0.09051432460546494	0.2658920884132385	0.2378700226545334	-0.23415547609329224	0.22038954496383667	0.06975556910037994	0.11434529721736908	0.24532575905323029	-0.243093341588974	0.21872049570083618	-0.2549006938934326	0.24722477793693542	-0.25684618949890137	0.2719491720199585	-0.08393465727567673	0.1887357383966446	0.1876574158668518	0.18153691291809082	-0.19835571944713593	-0.211650088429451	0.10053107142448425	-0.003363040741533041	0.15038137137889862	-0.209193617105484	-0.02495652809739113	-0.11231264472007751	0.15521560609340668	-0.0025441714096814394	-0.19192485511302948	0.18537607789039612	-0.018687386065721512	0.2359081208705902	-0.17180952429771423	-0.19681626558303833	-0.24520237743854523	0.14469915628433228	-0.15523771941661835	-0.16791070997714996	-0.15285898745059967	0.23135779798030853	0.20408889651298523	-0.023569349199533463	-0.23515364527702332	0.08374999463558197	0.2450975626707077	-0.15619340538978577	-0.23956729471683502	0.19091573357582092	0.21646206080913544	-0.09943462163209915	0.22184841334819794	-0.2580181062221527	-0.22722847759723663	-0.2524029016494751	0.2012573480606079	0.19317398965358734	-0.20275191962718964	0.2604297995567322	-0.04413803666830063	-0.12321814149618149	-0.0864044800400734	0.03574925661087036	-0.22357842326164246	0.23223645985126495	-0.23370590806007385	0.23184973001480103	0.1807643175125122	0.15182940661907196	-0.14595608413219452	0.13350412249565125	0.2019103318452835	0.04422514885663986	-0.14317640662193298	0.17430345714092255	-0.18867868185043335	-0.22885894775390625	-0.1652982234954834	0.2465951144695282	-0.16248221695423126	-0.18166017532348633	-0.21201671659946442	0.1751420646905899	0.22057519853115082	0.2491966038942337	0.24552540481090546	-0.026471102610230446	-0.14854221045970917	-0.03597120940685272	0.14715376496315002	-0.08461824059486389	-0.24256238341331482	-0.202317014336586	0.20857273042201996	-0.10255537182092667	-0.006700865458697081	0.271441251039505	0.12446120381355286	0.27979978919029236	-0.25279122591018677	0.21988488733768463	0.11078693717718124	-0.13041816651821136	0.04762222245335579	-0.060111988335847855	-0.001460396684706211	0.13758471608161926	-0.174028217792511	0.1784314662218094	-0.25970643758773804	-0.20637346804141998	-0.028490450233221054	0.13688446581363678	-0.2610670328140259	-0.18864065408706665	-0.12551841139793396	0.22621209919452667	-0.2374490648508072	0.19593381881713867	0.27538472414016724	-0.19191281497478485	-0.06744857132434845	0.14015015959739685	0.18651583790779114	-0.16345228254795074	-0.19176943600177765	0.23535087704658508	0.2305363416671753
chiefs	-0.048435818403959274	0.008379686623811722	0.04207516834139824	0.04419897869229317	0.00713801383972168	0.03231079503893852	-0.03156713396310806	0.03444080427289009	0.049185123294591904	-0.007422436028718948	-0.0007861480116844177	-0.015508700162172318	0.010822497308254242	-0.025862956419587135	-7.402896881103516e-05	-0.04491382837295532	-0.021457267925143242	-0.003115035593509674	-0.030060196295380592	-0.023562896996736526	-0.03678206354379654	-0.049790527671575546	-0.00569906085729599	-0.028335750102996826	-0.015936531126499176	0.04134098067879677	-0.035045791417360306	-0.007096458226442337	-0.01103971153497696	-0.03547543287277222	0.0242379792034626	0.008582808077335358	0.01203862577676773	0.04790652170777321	-0.0024940744042396545	0.0472879521548748	-0.0067389607429504395	0.04397192224860191	-0.01925288513302803	0.01745343580842018	0.0191899873316288	-0.0469350591301918	-0.004101444035768509	-0.01115880161523819	0.015573572367429733	-0.007924247533082962	0.021668527275323868	-0.01277703046798706	0.03277130052447319	-0.03813744708895683	0.0196419395506382	-0.0025232434272766113	-0.03029738739132881	0.029164645820856094	0.034898076206445694	-0.013137005269527435	-0.01541348546743393	-0.012346647679805756	-0.006833840161561966	0.042272020131349564	-0.04410897567868233	-0.012055207043886185	-0.024146581068634987	-0.041428327560424805	0.02374890074133873	-0.017270587384700775	-0.0382293239235878	0.01979774609208107	0.03633080795407295	0.018662873655557632	0.004858147352933884	-0.037073422223329544	-0.016972996294498444	-0.048825692385435104	-0.009075023233890533	0.029514122754335403	0.022351708263158798	0.009205184876918793	0.012503806501626968	-0.0017459876835346222	0.008439194411039352	0.0182882659137249	-0.014505971223115921	-0.026640677824616432	-0.020731031894683838	0.003705240786075592	0.036748792976140976	0.049196090549230576	-0.02880687825381756	-0.04839487001299858	0.0405200757086277	-0.022956252098083496	-0.043421901762485504	-0.005692947655916214	0.02471858635544777	0.025185350328683853	-0.022962188348174095	0.03368265554308891	0.0025659315288066864	0.04729935899376869	0.016453389078378677	-0.01831815391778946	-0.017677675932645798	0.01988866552710533	0.02266225591301918	0.012599829584360123	-0.017657898366451263	0.024268772453069687	-0.043681323528289795	-0.049727536737918854	0.02233225479722023	0.026116345077753067	-0.041141998022794724	-0.039476096630096436	-0.032530978322029114	0.030397068709135056	0.04656907543540001	-0.02742060460150242	0.029179420322179794	0.013908687978982925	0.012225925922393799	-0.009870648384094238	0.01242835447192192	-0.006494343280792236	-0.031562112271785736	0.0249360091984272	-0.047028183937072754	-0.0005090720951557159
chargers	-0.03128385543823242	-0.0028366819024086	0.042253267019987106	-0.03355369716882706	-0.011566758155822754	0.049711454659700394	0.013859834522008896	-0.02066291682422161	-0.03232387453317642	0.002159617841243744	-0.033318839967250824	-0.026115406304597855	0.04702441766858101	0.01387425884604454	-0.013712204992771149	-0.029141737148165703	-0.0076004378497600555	0.04587402567267418	-0.029425669461488724	0.04644714668393135	-0.03492676094174385	0.010855220258235931	0.021540414541959763	-0.03791226074099541	-0.03329019621014595	-0.010191608220338821	-0.029387105256319046	0.003425430506467819	0.049393001943826675	0.005519818514585495	0.04515235498547554	-0.03911580890417099	0.030711758881807327	-0.020294619724154472	-0.018816078081727028	0.021783161908388138	0.01889655366539955	-0.0313694030046463	-0.047648608684539795	0.04206046089529991	0.028402533382177353	-0.01052258163690567	0.016518663614988327	0.0007019415497779846	-0.018981551751494408	0.03003838285803795	-0.049929797649383545	0.010345377027988434	-0.016178607940673828	0.04495510086417198	-0.030803978443145752	-0.0487767830491066	0.02933398261666298	0.031064439564943314	-0.01818753406405449	-0.010631155222654343	-0.027034509927034378	-0.025347208604216576	0.019216392189264297	-0.013433028012514114	0.00148087739944458	0.0033117644488811493	-0.0027388930320739746	0.019919823855161667	0.0413181446492672	-0.003869675099849701	-0.01532212644815445	-0.02217787504196167	-0.038500189781188965	-0.04960208013653755	0.02097446098923683	0.026842068880796432	-0.02278834581375122	0.007478199899196625	-0.047352422028779984	-0.02189350128173828	0.04641449823975563	0.01888735219836235	-0.015538014471530914	-0.015809904783964157	-0.022704005241394043	-0.025518476963043213	-0.03371293842792511	0.02478870376944542	0.021788429468870163	0.03660954162478447	0.03978804126381874	-0.045384492725133896	0.01355304941534996	0.04362139478325844	-0.03560850769281387	-0.04932020977139473	0.035691920667886734	-0.036791276186704636	-0.025271033868193626	-0.034214772284030914	-0.016724776476621628	-0.0042996034026145935	0.02272704616189003	-0.04371373727917671	-0.03944382816553116	0.026196490973234177	0.026002515107393265	0.03953149542212486	-0.011065065860748291	-0.0245994683355093	0.024376753717660904	-0.026414478197693825	0.010381210595369339	0.015204276889562607	0.04427993670105934	0.033782754093408585	-0.02370448224246502	-0.011506877839565277	-9.906291961669922e-05	-0.036103881895542145	0.029791127890348434	-0.01820223405957222	0.047735679894685745	-0.019345223903656006	-0.013629496097564697	-0.0037044398486614227	0.0456944964826107	0.001987803727388382	0.008510876446962357	0.013435054570436478	-0.04287261888384819	-0.005630709230899811
rams	0.037052128463983536	-0.045619070529937744	0.0019371025264263153	0.02309495583176613	-0.010283779352903366	0.03711462393403053	0.049064550548791885	0.026230815798044205	-0.010739706456661224	-0.03300166130065918	0.049236420542001724	0.018061485141515732	0.022006694227457047	0.0104546919465065	-0.02067640982568264	0.029845621436834335	0.04071206972002983	-0.020597541704773903	0.04788804426789284	0.03596694394946098	0.00968705490231514	0.024340476840734482	-7.603317499160767e-05	0.033921096473932266	-0.04188656806945801	0.01845136657357216	-0.03298185020685196	-0.018401671200990677	-0.0012814290821552277	0.006592024117708206	0.023430418223142624	0.014292802661657333	0.009834777563810349	-0.0035090334713459015	0.04939937964081764	0.017632152885198593	0.0076133981347084045	-0.0469084270298481	0.028806079179048538	0.04481014236807823	0.042123664170503616	0.005294047296047211	0.005389094352722168	-0.029868364334106445	-0.04870937019586563	-0.01977750100195408	0.014236915856599808	-0.04952000454068184	0.027890924364328384	0.03246030583977699	-0.02355092763900757	-0.018333911895751953	0.04530291631817818	-0.040016137063503265	0.045850720256567	0.03699913248419762	0.030248794704675674	0.004153836518526077	0.03229865804314613	-0.04048354551196098	-0.004643835127353668	-0.00018854066729545593	-0.04584924131631851	0.008779846131801605	0.006018400192260742	0.041636381298303604	-0.02455970086157322	0.012582290917634964	0.03798644617199898	-0.02878589741885662	-0.04971878603100777	-0.0033906474709510803	0.04295971617102623	0.0089607834815979	-0.011886060237884521	-0.03812497854232788	-0.004723869264125824	0.031915392726659775	0.042129602283239365	-0.026551568880677223	0.022842172533273697	-0.017647255212068558	0.024176273494958878	0.03692150488495827	0.00907377153635025	-0.03234323114156723	-0.02638031356036663	-0.006306599825620651	0.031697895377874374	-0.04757441207766533	-0.02209719456732273	-0.0443093441426754	0.03356165066361427	-0.0333617702126503	0.012301981449127197	0.02897045388817787	-0.04179415851831436	0.014061082154512405	0.004153598099946976	-0.04789840057492256	-0.02645052783191204	-0.005605421960353851	0.017576757818460464	-0.03644969314336777	-0.02086491696536541	0.04393888637423515	0.03952815756201744	-0.010443460196256638	-0.012564517557621002	0.0021517500281333923	-0.032829977571964264	-0.0011984482407569885	0.03284386172890663	0.011657368391752243	-0.008252382278442383	-0.014416120946407318	0.02539154514670372	-0.015862561762332916	0.03338140621781349	0.036092352122068405	-0.049085069447755814	0.03743353113532066	-0.027852917090058327	0.020273316651582718	0.01816418394446373	0.0004171133041381836	0.010179590433835983	-0.01272580772638321
dolphins	-0.17621152102947235	-0.2793014645576477	-0.15395255386829376	0.24671749770641327	0.11674928665161133	-0.18150641024112701	0.04362417757511139	0.10731431841850281	0.12742215394973755	-0.2527974843978882	0.08052631467580795	-0.10993535071611404	-0.33416202664375305	-0.285643607378006	-0.2716207206249237	0.3004494905471802	0.2680252492427826	-0.22796957194805145	-0.03687804564833641	0.2881125211715698	-0.24455606937408447	-0.2513737678527832	-0.2795722484588623	-0.04435012862086296	0.12161840498447418	0.22082354128360748	0.18003453314304352	-0.015082253143191338	0.24513211846351624	0.197599396109581	0.2808759808540344	0.014423604123294353	-0.09784352034330368	0.033718522638082504	-0.2598589062690735	-0.1562136709690094	0.016152800992131233	0.20297197997570038	-0.2912188172340393	0.2411423772573471	-0.15836142003536224	0.1662326604127884	0.08053093403577805	-0.21712155640125275	0.05051184073090553	0.22822615504264832	0.24603553116321564	-0.2193591147661209	0.029614491388201714	-0.15457741916179657	-0.1476762443780899	-0.13124758005142212	-0.2800900340080261	0.1385771632194519	-0.12509433925151825	0.0352935865521431	0.22609640657901764	-0.28400784730911255	0.1412801742553711	0.22081060707569122	-0.30315443873405457	0.1279374659061432	-0.19059383869171143	-0.13139450550079346	-0.23700715601444244	-0.2660270929336548	0.24877376854419708	0.045986492186784744	-0.2372044175863266	0.1284344494342804	0.1392226368188858	0.06643331050872803	-0.24985598027706146	0.031191110610961914	0.1154015064239502	0.06574606150388718	0.21759167313575745	-0.27003031969070435	-0.14816166460514069	-0.28683048486709595	-0.22407589852809906	0.2716688811779022	-0.2923044264316559	-0.06287054717540741	0.16981066763401031	0.18953190743923187	-0.23693102598190308	-0.25435784459114075	-0.014968948438763618	-0.10771138966083527	-0.18133635818958282	0.2325812727212906	0.09502837806940079	-0.1393105834722519	-0.031810976564884186	0.1814056634902954	0.2510431408882141	0.27854299545288086	-0.2831457555294037	0.21923400461673737	0.2630956172943115	0.24136608839035034	-0.03912932798266411	0.11601448059082031	-0.1706939935684204	-0.25760793685913086	0.26604124903678894	0.2282256931066513	0.22249996662139893	0.27068811655044556	-0.29754745960235596	0.2380516529083252	-0.28804489970207214	-0.15752534568309784	-0.2957525849342346	-0.1694324016571045	-0.2637665867805481	0.21166105568408966	0.20980346202850342	0.1535521149635315	-0.12188643962144852	-0.005164783447980881	0.2861200273036957	0.0048677194863557816	-0.1530708521604538	-0.22383873164653778	0.10295679420232773	-0.19790594279766083
vikings	0.24484512209892273	0.012557280249893665	-0.1760258674621582	0.15942029654979706	0.23758405447006226	0.25318264961242676	-0.22572655975818634	-0.11486772447824478	0.07642923295497894	-0.223239466547966	0.17238369584083557	-0.258036345243454	0.227737158536911	-0.2590995728969574	0.2719946503639221	-0.13107894361019135	0.1900682896375656	-0.08284162729978561	0.21568980813026428	0.20603825151920319	0.27990713715553284	0.2373420000076294	-0.24617063999176025	-0.2610972225666046	0.22579477727413177	-0.21968774497509003	0.26444047689437866	0.24058081209659576	0.0170106403529644	0.10943633317947388	-0.022290188819169998	-0.2762701213359833	0.1871582269668579	-0.1814039945602417	-0.20410683751106262	-0.28133144974708557	-0.0830928236246109	-0.2601504921913147	0.2211117297410965	-0.2592684328556061	0.03241122141480446	0.25936633348464966	0.18065088987350464	-0.05273418501019478	-0.04810807853937149	-0.20002469420433044	-0.22781512141227722	-0.2716025114059448	0.23511692881584167	0.22547054290771484	-0.250914990901947	-0.27269354462623596	-0.2451716959476471	-0.2614991366863251	0.2632293701171875	-0.10869710147380829	-0.20064446330070496	0.2426278293132782	-0.19673705101013184	-0.117711640894413	0.24294090270996094	-0.1829794943332672	-0.22602592408657074	0.23362398147583008	-0.16899114847183228	-0.2152397781610489	0.2264898419380188	0.22653180360794067	0.26175227761268616	-0.20744222402572632	-0.25826650857925415	0.004837646149098873	0.18555977940559387	-0.24159814417362213	0.23475193977355957	0.02140812762081623	0.20756395161151886	-0.2656625807285309	0.2720607817173004	0.19188141822814941	0.0013518924824893475	0.20794183015823364	0.2568248510360718	0.22951659560203552	0.2200269252061844	-0.2056397944688797	-0.17798550426959991	0.2510043680667877	0.2181321233510971	0.2026451677083969	0.225826233625412	-0.23207791149616241	-0.23315680027008057	-0.2278262823820114	0.23436307907104492	0.2582806944847107	-0.2182040810585022	0.24840544164180756	0.21288830041885376	-0.2607286274433136	-0.2086501121520996	-0.2009468525648117	0.24651801586151123	0.22719687223434448	0.19455741345882416	-0.22117330133914948	0.23820914328098297	0.22750970721244812	0.22730816900730133	0.220014289021492	0.21204397082328796	0.2479436695575714	0.2690264582633972	-0.24632172286510468	0.11908072978258133	-0.2221260517835617	0.2258746325969696	-0.2579345703125	-0.25607621669769287	-0.1673903912305832	0.18026821315288544	0.17743048071861267	-0.19748638570308685	-0.24462373554706573	0.2229979932308197	-0.22953608632087708	-0.20825475454330444	0.22266434133052826
patriots	0.2058984935283661	-0.26062673330307007	0.03545520082116127	0.16004490852355957	-0.1248716413974762	-0.17146655917167664	0.270940363407135	-0.26310181617736816	0.2804352343082428	-0.15855108201503754	0.24553687870502472	-0.08191557228565216	0.27115628123283386	-0.23003000020980835	-0.24439600110054016	0.021805407479405403	0.12196602672338486	-0.13887973129749298	-0.22042666375637054	-0.22275139391422272	0.12441376596689224	0.24343475699424744	-0.2771499752998352	-0.20398074388504028	0.249935582280159	-0.20401504635810852	-0.2370239943265915	0.2639006972312927	0.22540782392024994	0.23072169721126556	0.21390892565250397	0.04279990866780281	-0.24344362318515778	-0.227247953414917	-0.24034804105758667	-0.08975078910589218	0.20602378249168396	-0.23501983284950256	0.23412634432315826	-0.14341364800930023	-0.15143902599811554	0.26116207242012024	0.22329628467559814	-0.19273968040943146	0.19807010889053345	-0.24294644594192505	-0.1689203679561615	0.1834436058998108	-0.26476892828941345	-0.13130934536457062	-0.05849573388695717	0.0004018355393782258	0.26363977789878845	0.18566662073135376	0.19518685340881348	0.25424543023109436	0.13641850650310516	0.2696238160133362	0.19649522006511688	-0.16313621401786804	-0.07978051155805588	-0.28781500458717346	0.21917159855365753	0.2128686159849167	0.25763359665870667	0.25518038868904114	0.1720498949289322	-0.2575435936450958	0.14480364322662354	-0.246556356549263	-0.04317691549658775	-0.2164573073387146	0.23352418839931488	0.21719661355018616	-0.20546536147594452	0.20332084596157074	0.2327858805656433	-0.19355466961860657	-0.24481509625911713	0.18218982219696045	0.22200234234333038	-0.07502856850624084	0.25917723774909973	0.2452583611011505	0.1172466054558754	0.20140764117240906	0.1429939717054367	0.12862001359462738	0.09398782253265381	0.27681079506874084	-0.17886893451213837	-0.1389089971780777	-0.23240838944911957	-0.22209596633911133	0.21110470592975616	0.21127457916736603	-0.19517141580581665	0.2513910233974457	0.17648254334926605	-0.08959359675645828	-0.2676229774951935	-0.20665781199932098	0.11290640383958817	0.2546205222606659	0.21805770695209503	0.2412327527999878	0.10154201835393906	0.21655066311359406	0.24337050318717957	-0.12534014880657196	-0.23302941024303436	0.07398375123739243	0.09312718361616135	-0.05233226343989372	-0.24320809543132782	-0.23645523190498352	-0.22056634724140167	-0.06702100485563278	0.0883406549692154	-0.24909499287605286	0.22841010987758636	-0.2342377007007599	0.021791493520140648	-0.25274330377578735	-0.2639290690422058	-0.2599770128726959	0.09257067739963531	0.049656085669994354
saints	0.04889904335141182	0.02877352014183998	-0.03449442237615585	-0.005541719496250153	0.04078017547726631	-0.03395341709256172	0.03384759649634361	-0.02139946259558201	-0.007252238690853119	-0.03422405570745468	0.02910510078072548	0.009942900389432907	0.00955720990896225	-0.0019041411578655243	-0.011441566050052643	0.03840119019150734	0.019857976585626602	0.023223165422677994	0.0024958476424217224	-0.02644987218081951	0.006986547261476517	-0.030441153794527054	0.009719442576169968	0.027260813862085342	0.04798445478081703	0.010902225971221924	-0.008680842816829681	-0.018159378319978714	0.00157155841588974	0.026999417692422867	0.027178671211004257	-0.03288395702838898	-0.024052752181887627	-0.031681645661592484	-0.04406195878982544	0.03186842426657677	0.044473376125097275	-0.007494628429412842	-0.0064758434891700745	-0.02984802797436714	0.04844212904572487	-0.027587687596678734	-0.02926003932952881	0.019577529281377792	-0.031936369836330414	-0.020584607496857643	0.013291481882333755	0.012544762343168259	0.0007516033947467804	-0.04780540615320206	0.048607539385557175	0.022428002208471298	-0.008047007024288177	-0.045097436755895615	0.0022455230355262756	-0.03143606334924698	0.016743842512369156	-0.010705720633268356	-0.04355905205011368	0.030011605471372604	0.014272835105657578	0.04138519987463951	0.007011234760284424	0.014149654656648636	-0.04907238483428955	-0.03850055858492851	0.0386839397251606	-0.016935549676418304	-0.006199218332767487	0.006680499762296677	0.03411496803164482	-0.039446331560611725	0.010383330285549164	0.023639168590307236	0.026730749756097794	0.03594646230340004	0.023130547255277634	-0.018115531653165817	0.02484675869345665	-0.022563327103853226	0.01836695894598961	-0.010618854314088821	-0.02246338129043579	-0.01100241020321846	0.0044137947261333466	0.02758580818772316	0.031398508697748184	0.007738135755062103	0.01866236701607704	0.03235843405127525	-0.026300717145204544	-0.032430827617645264	-0.046508945524692535	0.04386622831225395	0.029458198696374893	-0.005725286900997162	-0.018083393573760986	0.0026002898812294006	0.0007571205496788025	-0.012673042714595795	0.0031558386981487274	-0.026976121589541435	-0.0313120111823082	-0.016851603984832764	-0.012042008340358734	-0.011061646044254303	0.025295104831457138	-0.0065884701907634735	0.01150297001004219	0.030644726008176804	-0.04074559360742569	0.04947755113244057	-0.02655407227575779	0.04642469808459282	-0.020285416394472122	0.0022156350314617157	-0.020018672570586205	-0.025556493550539017	0.009818505495786667	-0.012488462030887604	-0.048360325396060944	0.015174400061368942	0.020548511296510696	-0.02371375635266304	-0.012745141983032227	0.0036023035645484924	0.04170507565140724	0.024768102914094925
giants	0.2761135995388031	-0.12962248921394348	-0.26117217540740967	-0.27983444929122925	-0.04246152192354202	-0.05816355347633362	0.12384256720542908	0.24834273755550385	-0.2202582210302353	-0.26558956503868103	0.28681331872940063	0.25130823254585266	0.21566379070281982	0.2838844954967499	0.27631884813308716	0.08419721573591232	0.2879256010055542	-0.2682759165763855	-0.09056119620800018	0.2523033916950226	0.0885983482003212	0.040951989591121674	0.18158793449401855	-0.17756183445453644	-0.15059280395507812	-0.13889533281326294	0.2612851560115814	0.2952580749988556	0.18791396915912628	0.10021566599607468	0.28890231251716614	-0.24056415259838104	0.1605212539434433	0.24475927650928497	-0.1535840928554535	0.006545228883624077	-0.2830890417098999	0.11648920923471451	0.30140018463134766	-0.08293480426073074	0.17578989267349243	0.2707167863845825	0.2907973527908325	-0.16261552274227142	-0.25691333413124084	0.15707482397556305	0.21237389743328094	0.2697277069091797	0.3051528036594391	0.3016000986099243	0.17092911899089813	0.2987871766090393	-0.1835235059261322	0.24243095517158508	-0.03128725662827492	-0.28782084584236145	0.2610665261745453	0.2102045863866806	0.18158598244190216	0.28920629620552063	-0.1743842363357544	0.25335693359375	0.10835433006286621	0.28944700956344604	0.11481159180402756	-0.20901015400886536	-0.19129636883735657	0.23935815691947937	0.14889070391654968	0.28295645117759705	-0.25210389494895935	-0.29437360167503357	0.28070247173309326	-0.20145386457443237	-0.019301405176520348	0.2574191689491272	0.05405556783080101	0.2721456289291382	-0.010075574740767479	0.28901374340057373	-0.2510550618171692	0.29876628518104553	-0.17682543396949768	-0.0890987440943718	0.14960847795009613	0.26132625341415405	-0.12859006226062775	-0.11431300640106201	0.3073809742927551	0.15303295850753784	-0.3120688199996948	0.14152294397354126	-0.30835673213005066	-0.2508302927017212	0.2901388704776764	0.1811525672674179	0.24628527462482452	0.23880095779895782	-0.11696488410234451	-0.2183346003293991	-0.2567642331123352	0.24230089783668518	0.2710215151309967	-0.12689264118671417	-0.19144085049629211	-0.07359188795089722	0.20205996930599213	0.12432081252336502	0.2852393686771393	0.2026699185371399	-0.2624186873435974	-0.26368001103401184	0.2419038712978363	0.16197939217090607	-0.3169455826282501	0.012318529188632965	-0.21873126924037933	0.05498826503753662	0.2441263198852539	0.20679347217082977	0.06199422851204872	0.0038445533718913794	-0.17610783874988556	0.13642826676368713	0.24508492648601532	-0.26829925179481506	0.257284939289093	-0.2954603433609009
jets	-0.021969247609376907	0.010983981192111969	0.024633456021547318	-0.032564450055360794	-0.032563887536525726	0.005158126354217529	-0.026467477902770042	0.034826669842004776	0.02173653617501259	0.043574582785367966	-0.016607295721769333	-0.04842416197061539	0.009224571287631989	-0.007635008543729782	-0.002578258514404297	-0.018003951758146286	0.03581874445080757	-0.013083934783935547	-0.0024495720863342285	-0.0475383996963501	0.016801681369543076	-0.04811367020010948	-0.03530634567141533	-0.032144322991371155	0.02644585445523262	-0.04641958698630333	-0.014434516429901123	-0.03395038843154907	0.014419924467802048	-0.038205623626708984	0.04067155346274376	-0.012924861162900925	-0.024204004555940628	0.028949346393346786	-0.03716263920068741	0.04942101612687111	-0.04121438413858414	0.024442974478006363	-0.01875988207757473	-0.01855487748980522	0.0006556399166584015	-0.024522697553038597	0.04590965434908867	0.017893757671117783	-0.001145731657743454	0.003989230841398239	0.003003787249326706	-0.02858945168554783	0.006109844893217087	0.048371944576501846	-0.04372229799628258	-0.001808665692806244	-0.0318143256008625	0.043031204491853714	0.03643914684653282	-0.018580198287963867	0.0323234461247921	-0.02724766731262207	0.02804723009467125	0.039777401834726334	-0.004588223993778229	-0.046831097453832626	0.018920425325632095	-0.02848731353878975	-0.022960567846894264	0.04350774362683296	0.016435395926237106	-0.01772993803024292	-0.044255852699279785	0.006774555891752243	0.02121497318148613	0.018961135298013687	-4.344061017036438e-05	0.010947097092866898	0.03252891078591347	0.0015039071440696716	-0.015704572200775146	-0.048902880400419235	-0.03837253898382187	0.017947759479284286	-0.02156936004757881	-0.04514448717236519	-0.030497753992676735	-0.005285181105136871	-0.04635918140411377	-0.03883897140622139	-0.021914495155215263	0.015580687671899796	-0.02693493478000164	-0.040483973920345306	0.04975620284676552	-0.04387902095913887	-0.03274714946746826	0.02881946787238121	0.013231586664915085	-0.014869820326566696	0.04440045729279518	-0.02172398567199707	0.014829959720373154	0.025184523314237595	-0.04634835943579674	-0.02023540809750557	-0.01331014558672905	0.002347491681575775	0.0013022422790527344	0.028575364500284195	0.030194271355867386	0.013301994651556015	0.03592319414019585	0.006449688225984573	-0.04064624384045601	-0.031757570803165436	0.016745779663324356	0.014260958880186081	0.049630772322416306	-0.005891837179660797	0.029874514788389206	0.021953437477350235	-0.018351126462221146	0.03878923878073692	-0.030938411131501198	-0.04696524143218994	-0.04511816427111626	-0.024259304627776146	-0.0005028247833251953	0.04807913675904274	0.004248537123203278	0.030076924711465836
raiders	0.01535240188241005	-0.04836476966738701	-0.006989728659391403	-0.049096740782260895	-0.03566927835345268	-0.003135252743959427	-0.009708154946565628	0.022573042660951614	-0.024141395464539528	-0.007251668721437454	0.042919937521219254	0.002787254750728607	0.030306626111268997	-0.010513436049222946	-0.029500341042876244	0.020854581147432327	0.046231117099523544	-0.04492845758795738	-0.0178668275475502	0.01127474382519722	0.020122531801462173	0.03598475828766823	-0.01949768140912056	-0.009767495095729828	-0.028361821547150612	0.013109114021062851	0.024088289588689804	-0.007915355265140533	0.03813377395272255	0.0010342486202716827	-0.04046112298965454	0.016280721873044968	0.01810314878821373	-0.025258541107177734	-0.04330943897366524	-0.021993517875671387	-0.005757581442594528	0.03868239000439644	-0.049513399600982666	0.010907649993896484	0.049874093383550644	0.0036184899508953094	-0.004873286932706833	-0.033575549721717834	-0.018832003697752953	0.04376325383782387	0.013391558080911636	-0.00843127816915512	0.02700844779610634	-0.0047041550278663635	0.012232303619384766	-0.019066249951720238	-0.03600224107503891	-0.022911561653017998	-0.005773615092039108	-0.009569860994815826	-0.028132189065217972	0.011821318417787552	0.03814258798956871	0.03206905350089073	-0.03896254301071167	0.03447084501385689	0.041662562638521194	0.023347724229097366	0.03138119354844093	-0.0057454705238342285	-0.023620212450623512	0.015585590153932571	0.015008393675088882	0.034770142287015915	0.03447460010647774	0.005644857883453369	-0.002538144588470459	0.03434118255972862	0.04443095996975899	-0.012028861790895462	-0.021014392375946045	0.010751128196716309	0.04986138269305229	0.026890423148870468	0.041989196091890335	0.03154952451586723	0.032243672758340836	-0.0025378577411174774	-0.005969535559415817	-0.004695475101470947	-0.043692197650671005	0.04274291917681694	0.019260022789239883	0.04937105253338814	0.0208529494702816	0.032580289989709854	-0.04744429513812065	0.010352931916713715	0.009257256984710693	-0.014542829245328903	0.04650672897696495	-0.005225133150815964	-0.03318493440747261	-0.026827991008758545	-0.013015378266572952	0.016563381999731064	0.044879745692014694	-0.0035475604236125946	0.037098292261362076	0.010851480066776276	0.03146470710635185	-0.030131710693240166	0.04498488828539848	0.0003567449748516083	0.020101729780435562	0.011919595301151276	0.01945897564291954	0.004710890352725983	-0.010303296148777008	-0.02478334866464138	-0.026197517290711403	0.013696286827325821	0.02416454628109932	-0.007687341421842575	-0.02335144393146038	-0.047051336616277695	-0.023371411487460136	0.03604564443230629	0.04847067967057228	-0.03398134559392929	-0.012594092637300491	-0.022562265396118164
eagles	0.27800679206848145	-0.02815474197268486	-0.17600390315055847	0.2332681119441986	-0.2414896935224533	0.20181310176849365	-0.17671187222003937	-0.28528550267219543	0.2226322740316391	0.20680266618728638	-0.2007862627506256	-0.19108855724334717	0.1097576841711998	-0.008911595679819584	-0.030137529596686363	0.25242525339126587	0.2359778732061386	0.25179538130760193	0.2146957814693451	0.23195591568946838	0.2690207362174988	0.26840025186538696	-0.27261584997177124	0.13732284307479858	0.2768886685371399	-0.16560688614845276	0.15650923550128937	0.06529590487480164	0.2383589744567871	-0.013707559555768967	0.25668561458587646	0.03750336542725563	0.18540315330028534	0.2485000044107437	-0.20485512912273407	0.05779967084527016	-0.14083725214004517	0.016253070905804634	-0.23994745314121246	0.20293039083480835	-0.19571344554424286	0.24984517693519592	-0.2325894981622696	-0.20340396463871002	0.03236806392669678	0.2787739634513855	-0.23943321406841278	0.20790638029575348	0.22926980257034302	0.22325702011585236	-0.14322082698345184	0.1303626298904419	-0.27009308338165283	0.06791242212057114	0.2549292743206024	-0.280853807926178	-0.24475480616092682	0.15254823863506317	0.008698802441358566	0.25928542017936707	-0.09066450595855713	-0.16442807018756866	-0.24487459659576416	-0.17561320960521698	0.24776118993759155	-0.04566435143351555	0.24824009835720062	0.1948057860136032	0.2617805302143097	-0.24257853627204895	0.22077344357967377	-0.03815148398280144	0.22671562433242798	-0.2757425904273987	0.24860095977783203	-0.18369856476783752	-0.17577210068702698	-0.18591733276844025	0.24325591325759888	0.2611226737499237	-0.24305137991905212	0.18608039617538452	0.19117039442062378	0.17911554872989655	0.21501386165618896	0.23438750207424164	0.038190484046936035	0.22599366307258606	-0.19613447785377502	0.26490703225135803	0.19909441471099854	0.26918017864227295	0.08731875568628311	-0.16847935318946838	0.27851781249046326	-0.22967365384101868	-0.03481212258338928	-0.22511722147464752	-0.2018405944108963	-0.28130850195884705	-0.25880852341651917	-0.22203606367111206	0.23915785551071167	0.2715548276901245	-0.22827354073524475	-0.2657337188720703	-0.24157437682151794	0.15175844728946686	0.24949727952480316	-0.0888172835111618	-0.2503645718097687	0.23600995540618896	0.17156779766082764	-0.22457626461982727	0.27579212188720703	0.2628180682659149	-0.22329765558242798	0.1690639704465866	-0.17725300788879395	-0.18194718658924103	-0.12482216954231262	-0.2825084924697876	0.2196497917175293	0.2841215133666992	0.21298176050186157	-0.19824977219104767	0.16225561499595642	0.19783711433410645
steelers	0.017680693417787552	-0.009062089025974274	-0.046430837363004684	-0.007902275770902634	-0.03083401918411255	-0.006953943520784378	0.006651889532804489	-0.04950065538287163	0.027497950941324234	0.024168264120817184	-0.02087533473968506	0.0013403184711933136	0.045048486441373825	0.04939260706305504	-0.017176616936922073	-0.040325187146663666	-0.045896947383880615	0.04924532398581505	-0.043693628162145615	0.0010443702340126038	-0.042568981647491455	-0.03603384643793106	0.01677701249718666	0.010338462889194489	-0.010507069528102875	0.03708275780081749	-0.014688551425933838	0.005221150815486908	-0.02278320863842964	-0.044167544692754745	0.005332611501216888	-0.04964057356119156	0.0449148528277874	0.04395366832613945	0.0429697148501873	-0.04451322555541992	0.020481456071138382	-0.03707125037908554	0.030694160610437393	-0.006712876260280609	-0.04257623106241226	0.028040055185556412	0.0122176893055439	0.044532958418130875	-0.043377459049224854	-0.04232850298285484	-0.01536567136645317	0.015090737491846085	-0.00600752979516983	-0.042806174606084824	-0.04415426403284073	-0.029777919873595238	0.017435822635889053	0.020948614925146103	-0.047444846481084824	-0.03013409487903118	-0.03275666385889053	0.011282015591859818	-0.014854777604341507	0.02557654306292534	-0.042500581592321396	-0.02788494899868965	0.03245962783694267	-0.021194685250520706	0.007681716233491898	-0.0023226849734783173	-0.03458365052938461	-0.04620236158370972	-0.04163391515612602	-0.004479300230741501	-0.022790027782320976	0.04681381210684776	0.03840167447924614	0.04098454490303993	0.043584492057561874	-0.035836111754179	-0.040689658373594284	-0.0032473206520080566	0.011330686509609222	-0.0009123794734477997	-0.04151608794927597	0.04723067209124565	0.033598098903894424	-0.030381226912140846	0.0159435011446476	-0.0003340020775794983	-0.02839452028274536	-0.03930588811635971	0.030079293996095657	-0.030035734176635742	-0.010720312595367432	0.023279894143342972	-0.032857514917850494	0.023922253400087357	0.04787839576601982	0.049112919718027115	0.00501704216003418	-0.009016048163175583	0.00855102390050888	0.010178398340940475	-0.01979217492043972	0.0386236347258091	0.028325464576482773	0.034119296818971634	0.041189197450876236	-0.04474680498242378	0.01968088373541832	-0.03880941867828369	0.014163341373205185	-0.049501966685056686	0.029810156673192978	0.043917302042245865	-0.04161892086267471	-0.005256034433841705	-0.01307467371225357	0.04354628548026085	-0.040770579129457474	-0.044446755200624466	-0.016897402703762054	-0.03734155744314194	-0.0016655102372169495	-0.03424530103802681	-0.025236820802092552	0.036583829671144485	-0.017061281949281693	0.03951393440365791	-0.010662652552127838	-0.03537382930517197
49ers	0.30206817388534546	0.2617001533508301	0.3063870966434479	0.2684597373008728	-0.24771349132061005	0.1735987663269043	-0.21439172327518463	-0.2640215754508972	-0.08075045794248581	-0.24020396173000336	-0.2175886482000351	-0.014987017028033733	-0.0810222253203392	-0.2746520936489105	-0.25504863262176514	-0.02683187648653984	0.23195546865463257	-0.06298954039812088	0.3159485161304474	0.3141975998878479	0.2853151857852936	0.31407278776168823	0.18606403470039368	-0.20330531895160675	0.2749638259410858	0.32766109704971313	0.29823383688926697	0.13267657160758972	0.2476905882358551	0.1946525275707245	0.21483701467514038	-0.24373944103717804	0.21178637444972992	0.2973927855491638	-0.23204243183135986	-0.19252540171146393	-0.28735044598579407	-0.2705015540122986	-0.3010856509208679	-0.2664772570133209	-0.14799129962921143	0.27286824584007263	-0.2221321314573288	-0.22558608651161194	-0.20410796999931335	0.30960649251937866	0.22171679139137268	-0.01778937317430973	0.1584896296262741	0.2740906774997711	-0.14765693247318268	-0.2790739834308624	-0.08373149484395981	0.20676250755786896	0.2875848710536957	0.3078031539916992	0.2783656120300293	-0.20418578386306763	0.029937557876110077	0.16226543486118317	-0.279812216758728	0.2039102166891098	0.2662215530872345	0.29303687810897827	-0.24536772072315216	-0.14158090949058533	0.13658355176448822	0.260149747133255	-0.20819178223609924	-0.2602899670600891	-0.29234978556632996	-0.2788480222225189	0.15670277178287506	-0.25170817971229553	-0.18534016609191895	0.28646647930145264	0.1346863955259323	-0.2337702363729477	0.3118824362754822	-0.25662562251091003	-0.2147858440876007	0.2695031464099884	0.12090950459241867	-0.29068249464035034	0.24832306802272797	-0.24549034237861633	-0.012990772724151611	0.2739515006542206	0.22228027880191803	-0.1785428524017334	0.07783243805170059	0.0883067324757576	0.24431990087032318	-0.25214076042175293	-0.04263130947947502	-0.08881331235170364	0.18478482961654663	0.26466894149780273	0.17647583782672882	0.16998320817947388	0.2196526825428009	0.2547648251056671	0.288545697927475	-0.18118251860141754	0.007401773240417242	-0.21578851342201233	-0.08513490855693817	-0.31393471360206604	0.1302737295627594	-0.2696536183357239	-0.3283067047595978	-0.13323497772216797	-0.09905839711427689	0.26150158047676086	-0.29034703969955444	0.2720399498939514	0.11610855907201767	0.26914724707603455	-0.11868385225534439	0.18305128812789917	-0.14995241165161133	0.007598124910145998	0.26430457830429077	0.20234614610671997	0.28402966260910034	-0.011232228949666023	-0.16865307092666626	-0.3000110387802124
seahawks	0.08913475275039673	0.06698012351989746	-0.21865980327129364	0.15464988350868225	-0.1379987895488739	-0.0517062284052372	0.23232363164424896	-0.24528591334819794	0.07301464676856995	-0.24104830622673035	-0.22773395478725433	-0.23243792355060577	0.16679511964321136	-0.24701349437236786	-0.030152905732393265	-0.19873648881912231	-0.20627537369728088	-0.22927214205265045	0.1798185408115387	0.24486836791038513	-0.18999744951725006	0.23998220264911652	-0.20405609905719757	-0.20615392923355103	-0.18417738378047943	-0.2046450674533844	-0.20738424360752106	0.17728568613529205	0.22362403571605682	0.1976448893547058	0.1597001999616623	-0.20172294974327087	0.21271808445453644	-0.24512310326099396	-0.2468264102935791	-0.18732179701328278	0.24335572123527527	0.18953301012516022	-0.1990765780210495	-0.24615755677223206	-0.17518463730812073	0.19544129073619843	-0.19173985719680786	0.03471078351140022	0.12195877730846405	0.24289648234844208	-0.21827112138271332	-0.21599332988262177	0.16183625161647797	0.15384452044963837	-0.18839578330516815	0.2183309942483902	0.18812227249145508	-0.24131159484386444	-0.18785777688026428	-0.08563724905252457	0.15992099046707153	-0.20259974896907806	0.1595919281244278	-0.1689738780260086	-0.20318171381950378	0.18801075220108032	-0.20620471239089966	-0.20251846313476562	-0.21574506163597107	0.19518782198429108	0.24234789609909058	-0.22826264798641205	-0.17574329674243927	-0.16513708233833313	-0.19818715751171112	0.23072871565818787	0.20710179209709167	0.16499710083007812	0.193476602435112	-0.2206910401582718	-0.20990407466888428	-0.2434716671705246	-0.2152552753686905	-0.22341245412826538	-0.2006119191646576	-0.15666265785694122	-0.18576206266880035	-0.22702965140342712	0.1814325898885727	-0.21220655739307404	-0.1930227130651474	0.0936756357550621	-0.20551349222660065	0.06701529771089554	-0.24004241824150085	-0.2614291310310364	0.07402738183736801	-0.2002989947795868	0.22147364914417267	0.20530354976654053	0.06650660187005997	0.20842590928077698	0.1667330414056778	-0.12395226955413818	0.21439975500106812	0.11692782491445541	0.13730952143669128	0.2123483419418335	0.15739805996418	-0.2428387850522995	-0.20464786887168884	0.11151332408189774	0.19483551383018494	-0.18386948108673096	0.17057910561561584	-0.22988943755626678	-0.10128232836723328	-0.021647891029715538	0.20980627834796906	-0.19651679694652557	0.1016373261809349	-0.1978559046983719	0.13550764322280884	-0.16698205471038818	-0.13783428072929382	-0.19261696934700012	0.21542726457118988	-0.10866237431764603	0.19710417091846466	-0.23540353775024414	-0.2281845062971115	-0.22583238780498505
buccaneers	-0.02713671512901783	-0.0752512738108635	0.2530759274959564	0.25900113582611084	0.1371806561946869	-0.2529495060443878	0.2863537669181824	0.24546055495738983	0.269209086894989	0.2594893276691437	-0.20819523930549622	0.1882288157939911	0.1466684192419052	-0.2027469426393509	-0.21685945987701416	-0.1451750546693802	0.13394880294799805	0.2606602907180786	0.24631480872631073	0.1744268238544464	0.27975642681121826	0.2345883846282959	-0.13364557921886444	-0.24603097140789032	-0.264816552400589	-0.22085531055927277	-0.2427627295255661	-0.21332551538944244	-0.22839567065238953	0.25263458490371704	0.23374706506729126	0.1565777063369751	0.207265242934227	0.24150988459587097	-0.24826586246490479	-0.2741834223270416	-0.2191150039434433	0.21668502688407898	-0.24847735464572906	-0.24405544996261597	-0.25049448013305664	-0.24248896539211273	0.26073697209358215	-0.2677784264087677	-0.22334061563014984	-0.1915626972913742	0.2684188783168793	-0.19405661523342133	-0.16280530393123627	-0.20504985749721527	0.24478885531425476	0.16445869207382202	0.28154265880584717	-0.23443934321403503	0.20624656975269318	0.1518590748310089	0.2619718015193939	-0.23566997051239014	0.19558267295360565	0.26883938908576965	-0.0005874898633919656	-0.23786358535289764	-0.25875818729400635	0.27143266797065735	0.2112390249967575	0.12093295156955719	0.2407045215368271	0.0694614052772522	0.18487873673439026	0.28257110714912415	-0.2609730660915375	-0.1394277811050415	0.2683553993701935	-0.26356539130210876	-0.09177055209875107	-0.25156497955322266	0.23052841424942017	0.0905640497803688	-0.27322787046432495	-0.2524013817310333	-0.253883421421051	0.2022583931684494	-0.1770419478416443	-0.2410885989665985	0.22037628293037415	-0.09978628903627396	0.20980827510356903	0.22357814013957977	-0.19686941802501678	-0.25564348697662354	-0.2595544755458832	-0.26299306750297546	0.09195908904075623	0.020387357100844383	-0.22056041657924652	0.25026223063468933	0.18413405120372772	0.2731644809246063	-0.21031838655471802	-0.16272291541099548	0.2040172517299652	-0.1468513309955597	0.2883566617965698	-0.09167911112308502	-0.2806396782398224	-0.22315873205661774	-0.2604765295982361	0.19158944487571716	0.2530596852302551	-0.27529576420783997	-0.20813900232315063	-0.2408222109079361	0.20600730180740356	-0.24951325356960297	-0.2497113198041916	-0.24331539869308472	-0.2411070466041565	0.21080000698566437	-0.1053118035197258	0.2202092558145523	0.27204224467277527	-0.2050604671239853	-0.20553158223628998	-0.2485666424036026	0.22514402866363525	0.2636708617210388	0.17215479910373688	-0.24550506472587585
titans	0.018900740891695023	0.038535404950380325	-0.0003923065960407257	0.0036361590027809143	-0.021150624379515648	0.017533037811517715	-0.001552976667881012	-0.013104856014251709	-0.041417550295591354	-0.019375909119844437	0.0005158670246601105	-0.03172292560338974	0.03622165694832802	-0.007418941706418991	-0.00017386674880981445	-0.003583144396543503	-0.028911257162690163	0.019015144556760788	-0.041537679731845856	-0.04001652076840401	-0.025725675746798515	-0.017889343202114105	-0.0017053969204425812	0.01875615492463112	-0.025736749172210693	-0.04833827167749405	-0.0009284242987632751	0.04718557372689247	-0.0022506937384605408	-0.030985236167907715	-0.0468297116458416	0.03839835152029991	0.026608053594827652	0.043415773659944534	-0.023210549727082253	-0.02578558959066868	-0.025970935821533203	0.01043548434972763	-0.028821026906371117	-0.04304826259613037	-0.025535035878419876	-0.00018265098333358765	-0.01254328340291977	0.04471030458807945	0.016986656934022903	-0.0004832744598388672	-0.03350679948925972	-0.0032158270478248596	-0.015255916863679886	0.041013870388269424	-0.04061652347445488	0.03918961063027382	-0.04908240959048271	-0.04545281082391739	-0.028194261714816093	0.00484853982925415	0.025991354137659073	-0.02193988673388958	-0.00030090659856796265	-0.04655642434954643	-0.04252970218658447	0.00212942436337471	0.042085159569978714	-0.013668287545442581	-0.01829371601343155	-0.000742100179195404	0.019856881350278854	0.011908352375030518	0.035952161997556686	-0.03264126926660538	-0.015321493148803711	0.02104652300477028	0.043093692511320114	-0.021351849660277367	0.001405857503414154	-0.016559340059757233	0.045187484472990036	-0.033841051161289215	0.01936347410082817	0.01352781429886818	-0.017353594303131104	0.030250076204538345	-0.0067182183265686035	0.026300381869077682	0.020546842366456985	0.010210968554019928	-0.013137411326169968	0.012798283249139786	-0.03906986862421036	0.04090925678610802	-0.012168921530246735	-0.018180787563323975	-0.014515746384859085	-0.033161140978336334	0.04780857637524605	0.02594374492764473	0.031038228422403336	0.030325543135404587	-0.006004832684993744	0.0022842995822429657	-0.040807079523801804	-0.044930875301361084	0.024412069469690323	-0.032516539096832275	-0.022888684645295143	-0.015892326831817627	0.04595773294568062	0.04916521534323692	-0.024515425786376	0.021867740899324417	0.009853996336460114	-0.01665569469332695	0.019788097590208054	-0.02864084206521511	0.048470545560121536	-0.020621323958039284	-0.04225621372461319	-0.03470911830663681	-0.012792598456144333	-0.023607933893799782	-0.045432984828948975	-0.031607821583747864	0.043603431433439255	0.035036537796258926	0.032980892807245255	-0.034818269312381744	0.023586455732584	-0.032059744000434875
commanders	0.2317032366991043	0.2902483344078064	-0.1104009598493576	0.25840896368026733	-0.10762554407119751	0.31186211109161377	-0.21825774013996124	0.1885155290365219	0.19249410927295685	0.14024405181407928	-0.03231450170278549	-0.11489631980657578	0.12237797677516937	0.10804800689220428	0.23102188110351562	0.29613324999809265	0.10505132377147675	0.21536801755428314	0.25369396805763245	0.07533053308725357	0.2249436378479004	-0.20798899233341217	-0.30014118552207947	0.049235749989748	0.1854739785194397	-0.24824032187461853	0.13507844507694244	-0.053262859582901	0.3074570596218109	0.02779991365969181	0.27412179112434387	-0.1146177127957344	0.2785121202468872	0.2421387881040573	-0.2647658586502075	0.01760926842689514	0.10865222662687302	-0.2753664553165436	-0.24988870322704315	0.12099769711494446	-0.25587061047554016	0.10696349292993546	-0.2534106373786926	-0.19671064615249634	0.3147839903831482	0.1980786919593811	0.08988719433546066	0.2555406391620636	-0.21550814807415009	0.0734785720705986	-0.003916759043931961	-0.22234965860843658	-0.2550354301929474	0.07202127575874329	0.012323400005698204	-0.2891567647457123	-0.1666659414768219	0.2569446563720703	0.08752746134996414	0.18128803372383118	-0.2541114389896393	-0.295315682888031	-0.22690418362617493	-0.18695156276226044	-0.07712447643280029	0.10520555824041367	0.03484823554754257	0.2518230974674225	0.22801193594932556	0.10559669137001038	0.23218049108982086	0.24632911384105682	0.18506669998168945	-0.1512061208486557	0.2954517900943756	0.13655723631381989	-0.29184773564338684	-0.27837663888931274	-0.016267282888293266	0.3220480978488922	-0.2428022027015686	0.2763860523700714	0.22637712955474854	-0.24682502448558807	-0.23490464687347412	0.2528947591781616	0.04121759533882141	-0.050318244844675064	0.14420180022716522	0.2750460207462311	-0.2619776427745819	0.25825339555740356	-0.21264931559562683	-0.1749754101037979	0.30747994780540466	0.09379163384437561	0.2234400510787964	-0.06740923970937729	-0.030655641108751297	-0.16626118123531342	-0.09625212848186493	-0.17648498713970184	0.28005450963974	-0.04828217253088951	-0.28714409470558167	-0.2506456673145294	-0.05411580950021744	0.20022322237491608	0.2653346061706543	0.08729076385498047	-0.20837710797786713	-0.20918935537338257	0.2797907590866089	0.2606462836265564	-0.17142143845558167	0.11099150031805038	-0.10149554908275604	0.02436152473092079	0.17199070751667023	0.2374677062034607	0.3207617402076721	-0.24444235861301422	-0.2568490207195282	0.09297599643468857	0.1174718514084816	-0.17499369382858276	0.21505777537822723	-0.001268497435376048
