cardinals	0.17382144927978516	-0.13375145196914673	0.10335780680179596	0.2851274013519287	-0.19917252659797668	0.24941760301589966	-0.27007630467414856	0.013777624815702438	0.26305216550827026	0.29504334926605225	0.1784791350364685	0.15045061707496643	-0.3685753643512726	-0.13719499111175537	-0.13156473636627197	-0.3765326738357544	0.14635181427001953	0.1566563993692398	-0.3556561768054962	-0.20688144862651825	0.3202676773071289	-0.3098351061344147	-0.2446088343858719	-0.060030072927474976	0.2649751901626587	-0.20582355558872223	0.12114027142524719	0.08739560097455978	-0.24803000688552856	0.14763060212135315	-0.39901837706565857	0.042382970452308655	0.3480476140975952	0.2685452997684479	-0.31024351716041565	-0.18583446741104126	0.2784784436225891	-0.28760677576065063	-0.37243548035621643	0.056162506341934204	0.39838096499443054	0.3145046532154083	0.39323660731315613	0.26530539989471436	0.29230788350105286	0.32365402579307556	-0.33757689595222473	0.3699445426464081	0.3491341471672058	0.35596805810928345	-0.4302281439304352	-0.08688631653785706	-0.2238013744354248	0.18680444359779358	-0.28448718786239624	0.292878121137619	0.19425857067108154	0.17556028068065643	0.24027517437934875	-0.20521806180477142	-0.003649249207228422	-0.2980725169181824	-0.3336544930934906	-0.41931766271591187	0.3463039696216583	-0.07364863157272339	-0.2847575843334198	-0.24522726237773895	0.4133075773715973	0.21859906613826752	0.3598707914352417	-0.25574058294296265	0.11487069725990295	0.23304587602615356	-0.028257956728339195	0.25953736901283264	0.33161696791648865	-0.0014461823739111423	-0.3665778636932373	-0.290461003780365	-0.1049339771270752	0.3376792371273041	-0.06280696392059326	0.2754574418067932	-0.40396979451179504	0.28098320960998535	0.2658917307853699	-0.3295159637928009	-0.3208761215209961	-0.33772721886634827	0.1641300767660141	-0.26116156578063965	0.3608740568161011	0.01563531905412674	-0.24962970614433289	-0.36179906129837036	-0.08632250875234604	0.3060152530670166	0.2963769733905792	-0.3386273682117462	-0.03028019517660141	0.18208545446395874	0.22689391672611237	-0.23352722823619843	0.3264619708061218	0.39357027411460876	-0.19104449450969696	-0.36898115277290344	-0.23583915829658508	0.2777532637119293	0.17874746024608612	0.21915917098522186	-0.23912450671195984	0.20111486315727234	0.041149578988552094	-0.2878681421279907	0.4026907682418823	-0.07848023623228073	0.19041062891483307	-0.26780882477760315	-0.2340897023677826	0.18581996858119965	-0.23307521641254425	-0.40733200311660767	-0.3234412372112274	0.38578420877456665	0.327861487865448	-0.20705726742744446
falcons	-0.30277392268180847	-0.05086884647607803	-0.24766018986701965	0.3149809241294861	-0.13662225008010864	-0.2617662847042084	-0.26679232716560364	0.322658509016037	-0.06130471080541611	0.10776444524526596	-0.06245896965265274	0.1700444370508194	0.057756207883358	0.23908865451812744	-0.26806217432022095	0.2071826159954071	-0.29528287053108215	-0.2668977975845337	-0.3361380994319916	-0.031909532845020294	-0.3002617359161377	-0.18349024653434753	0.3195900321006775	-0.1771145910024643	0.11319398880004883	0.013914814218878746	0.263388067483902	-0.2995789051055908	0.23195430636405945	0.120426245033741	-0.29170674085617065	-0.05339755862951279	0.1571214646100998	0.18399497866630554	-0.1980217695236206	-0.18062742054462433	-0.154242143034935	-0.1867891103029251	-0.29624855518341064	0.13473530113697052	0.19431531429290771	0.3030427396297455	-0.2395932823419571	0.16334819793701172	-0.07653310149908066	0.1938275843858719	-0.2970995306968689	-0.24535369873046875	0.08478300273418427	0.32931408286094666	0.16291841864585876	0.32878807187080383	-0.1262718290090561	0.30577611923217773	-0.3341260850429535	0.19489184021949768	-0.24011312425136566	0.33733052015304565	0.18075327575206757	-0.2386683076620102	-0.33713874220848083	-0.32967519760131836	-0.298069566488266	-0.3084278404712677	0.08057331293821335	-0.15781977772712708	-0.2622382342815399	-0.28937357664108276	0.25636574625968933	-0.29876479506492615	-0.09650090336799622	0.33652955293655396	0.35739409923553467	-0.16232796013355255	0.0596286915242672	0.13795283436775208	0.022569026798009872	-0.025108929723501205	-0.10789575427770615	-0.2637396454811096	0.011407843790948391	0.3101872503757477	0.3465907871723175	-0.24753780663013458	-0.3375488221645355	0.23424530029296875	0.3790754973888397	0.3731938302516937	-0.29934605956077576	-0.3102007508277893	-0.2292269617319107	0.011556090787053108	-0.3114924728870392	-0.3519507348537445	-0.04115181788802147	-0.08002601563930511	0.31708645820617676	0.09299445897340775	0.28065404295921326	0.29215604066848755	-0.2467343807220459	0.23928581178188324	0.035619061440229416	0.27631887793540955	0.05176500231027603	-0.30827245116233826	-0.04643876850605011	-0.3254850208759308	-0.08837307244539261	-0.17364796996116638	0.16643580794334412	-0.037266798317432404	0.06546343117952347	-0.27663448452949524	0.2671316862106323	0.28456592559814453	-0.1618443876504898	0.027204101905226707	-0.19316202402114868	0.29528310894966125	-0.2112305760383606	-0.32516178488731384	0.22619536519050598	0.1819533258676529	-0.027129173278808594	-0.013596541248261929	-0.11046912521123886	-0.2683355510234833
ravens	-0.3560555577278137	0.39257097244262695	0.2840493619441986	-0.27207499742507935	-0.32023754715919495	-0.2946391701698303	-0.41556069254875183	0.31371042132377625	0.2770085036754608	0.15951909124851227	-0.04404929280281067	0.3139648139476776	0.2747897803783417	0.26711922883987427	0.23284807801246643	-0.06987915188074112	0.20237551629543304	-0.3654993772506714	0.24749359488487244	-0.25606709718704224	0.29083722829818726	-0.23387138545513153	-0.22175350785255432	0.3197324872016907	-0.1575196534395218	0.3064812123775482	0.21873119473457336	-0.34900355339050293	0.36936697363853455	-0.04183720797300339	-0.2470536082983017	0.12674018740653992	0.3253048062324524	0.29132241010665894	-0.20892246067523956	-0.2963322699069977	0.1979953944683075	-0.19702771306037903	-0.03657974302768707	-0.35064831376075745	0.24595043063163757	0.2714744508266449	-0.33409518003463745	-0.22390010952949524	0.28265225887298584	0.010950404219329357	-0.3375021517276764	-0.35616642236709595	-0.16387584805488586	-0.16637961566448212	-0.34411996603012085	-0.35834062099456787	0.22603248059749603	-0.25023865699768066	-0.1328875720500946	-0.32809746265411377	-0.3066037893295288	-0.3199288249015808	-0.03647177666425705	0.12009096890687943	-0.3277031481266022	-0.27210262417793274	0.37810105085372925	-0.32111459970474243	0.11085298657417297	-0.2563304305076599	0.2993309497833252	-0.3200392723083496	0.3085479736328125	0.03531147539615631	0.1967739313840866	-0.29610589146614075	0.33449164032936096	0.30583223700523376	-0.03668561577796936	-0.054521869868040085	0.31843897700309753	0.24494074285030365	-0.24287518858909607	-0.189372256398201	-0.2316208928823471	0.25702211260795593	-0.3066417872905731	0.2916998863220215	0.0629521906375885	-0.15095917880535126	0.3621640205383301	-0.28635168075561523	-0.3079361319541931	-0.31130078434944153	-0.029160993173718452	0.23855069279670715	-0.15297608077526093	-0.3939242959022522	0.38978439569473267	-0.13009028136730194	0.3632165789604187	0.014889982528984547	0.3082674443721771	-0.23627395927906036	0.2771490514278412	0.24903029203414917	0.22110870480537415	0.34086912870407104	0.2966926097869873	-0.3137630820274353	-0.15559984743595123	-0.040055472403764725	0.13770893216133118	0.02007933333516121	-0.013711259700357914	0.28946730494499207	0.34427139163017273	-0.30792874097824097	0.05585626885294914	0.26722174882888794	0.2084347903728485	0.29546448588371277	0.35135895013809204	0.33985358476638794	-0.2458227276802063	0.35143303871154785	0.3375353217124939	-0.09029832482337952	-0.1590188592672348	-0.27359774708747864	-0.40321084856987	-0.05805671960115433
bills	-0.13387633860111237	0.38181260228157043	0.2608446776866913	-0.3082490861415863	0.04317488148808479	-0.31561851501464844	-0.3235316574573517	-0.1669987589120865	-0.31541237235069275	0.16965162754058838	0.3794022500514984	0.29792362451553345	0.30900394916534424	0.1672070324420929	-0.20564714074134827	-0.4125967025756836	-0.18589900434017181	-0.3081502914428711	-0.15739724040031433	0.24174770712852478	0.2579416036605835	-0.19691427052021027	-0.08302375674247742	0.327251672744751	-0.3586794137954712	0.3669148087501526	0.38775551319122314	-0.10677438229322433	0.14682777225971222	0.3004904091358185	-0.3919124901294708	0.49736037850379944	0.3445313274860382	0.18403851985931396	-0.31809720396995544	-0.34773993492126465	0.358381986618042	-0.36825838685035706	0.1626547873020172	0.35433486104011536	0.25763770937919617	0.2732943296432495	-0.2906739115715027	0.137486532330513	-0.0072181071154773235	-0.2279050052165985	-0.2601217031478882	-0.1733904331922531	-0.2684047818183899	0.017225198447704315	-0.2741912603378296	0.1757756918668747	-0.044113997370004654	0.18720796704292297	-0.3786472678184509	0.26222798228263855	0.2373143583536148	0.475585401058197	-0.045949772000312805	-0.4228236675262451	0.4013785719871521	-0.30185654759407043	-0.22979332506656647	-0.2691594064235687	0.24414528906345367	-0.2895747125148773	-0.4389321208000183	0.05845280736684799	0.22203324735164642	-0.40034815669059753	-0.048220716416835785	-0.40800073742866516	0.27933263778686523	0.2576035261154175	0.30251073837280273	0.268171489238739	0.35848546028137207	0.2841862738132477	-0.3341868221759796	0.24876056611537933	-0.38756635785102844	0.30675646662712097	-0.413490891456604	0.010629795491695404	-0.04751449078321457	-0.055904511362314224	0.08821438997983932	-0.4621129631996155	-0.3609955310821533	-0.30541175603866577	-0.4378112256526947	0.43624743819236755	-0.19609728455543518	0.252456396818161	-0.48684483766555786	-0.3705351650714874	0.2656821012496948	0.3398309051990509	0.3026038706302643	-0.055141251534223557	-0.2987781763076782	0.19699528813362122	0.32739710807800293	-0.2755221724510193	0.027279749512672424	-0.3523130714893341	-0.346661776304245	-0.1614893078804016	0.17948207259178162	0.32241082191467285	0.35548892617225647	0.019200848415493965	-0.3604045510292053	-0.20413479208946228	-0.2224828451871872	-0.19501671195030212	0.4108147919178009	0.2908036708831787	-0.373347669839859	0.17737939953804016	0.3502543568611145	-0.24080431461334229	0.23308739066123962	0.3189566731452942	-0.25183236598968506	0.4009505808353424	0.11985930055379868	-0.31613656878471375
panthers	-0.005893252789974213	-0.038185156881809235	-0.04972606897354126	-0.021059466525912285	0.015256371349096298	0.03023168072104454	0.032622698694467545	3.4749507904052734e-05	0.012647692114114761	-0.04471045732498169	0.023616518825292587	0.006670165807008743	0.030959460884332657	0.02595878764986992	0.03911011293530464	-0.022072816267609596	-0.04116889089345932	0.04000382497906685	-0.0022307410836219788	0.0492076613008976	0.039295051246881485	0.013893414288759232	0.025396037846803665	-0.01084906980395317	-0.04225710779428482	0.031503524631261826	0.024058785289525986	0.031161773949861526	0.048649463802576065	0.015053082257509232	-0.02651824988424778	0.04533796384930611	-0.03306536749005318	0.01981448009610176	-0.0005994215607643127	0.021443013101816177	-0.0465376153588295	-0.0040860772132873535	0.027494635432958603	-0.013757385313510895	-0.011417925357818604	0.04517943039536476	-0.0085960254073143	-0.0183645598590374	0.029255855828523636	0.029214773327112198	-0.03617372363805771	-0.034286320209503174	-0.03364306688308716	-0.008690714836120605	0.012945201247930527	0.01975839212536812	0.035441864281892776	-0.02931429259479046	0.03506392613053322	0.00039212778210639954	-0.02801065519452095	0.03250977024435997	-0.04783940315246582	0.01869925484061241	-0.001438964158296585	-0.04866134002804756	0.0012992247939109802	-0.020295191556215286	-0.027104293927550316	-0.048536717891693115	-0.02843569591641426	-0.027051163837313652	-0.04712867736816406	0.028435993939638138	-0.01125546544790268	0.03958941623568535	0.014910366386175156	-0.030326450243592262	-0.03182720020413399	0.03922644630074501	0.017414439469575882	0.0130198635160923	-0.02991246059536934	-0.04181455448269844	-0.02051605097949505	0.012308955192565918	0.0384109728038311	0.04742581024765968	-0.012569747865200043	0.031610433012247086	0.017503712326288223	0.03802863135933876	-0.04378993436694145	0.004328835755586624	-0.013332702219486237	-0.027354812249541283	-0.0006523840129375458	0.009942222386598587	-0.036710940301418304	-0.030147910118103027	-0.013013958930969238	-0.04363381862640381	0.0128520168364048	0.04300684854388237	0.032045673578977585	-0.04332159832119942	0.04083104059100151	-0.017583049833774567	-0.009024370461702347	-0.015771128237247467	0.01174456998705864	-0.03989885002374649	0.017508018761873245	0.042616989463567734	-0.0033583752810955048	-0.01782979816198349	0.03829803690314293	0.04151296988129616	-0.007614362984895706	0.014177907258272171	-0.021813606843352318	-0.02157987467944622	0.03660016134381294	0.00314398854970932	0.024776708334684372	0.02099693939089775	-0.010885071009397507	0.033571455627679825	0.04273611679673195	-0.03808243200182915	-0.04594295099377632	-0.005249548703432083
bears	-0.022912513464689255	0.0842466875910759	0.21542887389659882	-0.11237981915473938	-0.2910434305667877	-0.20286835730075836	-0.38114088773727417	0.24037611484527588	0.19083650410175323	-0.10327815264463425	0.20174120366573334	0.22772538661956787	-0.1441240906715393	-0.21311931312084198	-0.09388569742441177	-0.34821417927742004	-0.024411696940660477	-0.24697692692279816	-0.22619184851646423	0.31689414381980896	0.22372445464134216	-0.3121952414512634	0.04160482808947563	0.2865975499153137	0.2846277356147766	0.04736015945672989	0.2593517601490021	-0.1252059042453766	-0.0366671122610569	0.16735926270484924	-0.3271518051624298	0.3184053599834442	0.44975584745407104	0.31909435987472534	-0.30367597937583923	-0.3716316819190979	-0.13695615530014038	-0.08531823009252548	0.1752486228942871	-0.4629514217376709	0.243249773979187	0.27648913860321045	-0.2410311996936798	-0.25838369131088257	0.17609903216362	-0.3060653507709503	0.12938052415847778	-0.22619961202144623	0.12839867174625397	0.1754031628370285	-0.3545028567314148	-0.11764076352119446	0.24469585716724396	-0.2989160716533661	-0.19713856279850006	-0.15001358091831207	-0.09161906689405441	0.24521727859973907	0.1896367073059082	-0.02533148229122162	-0.02604222111403942	-0.16085100173950195	-0.1998785138130188	-0.16387516260147095	0.33974525332450867	-0.2901615500450134	-0.29750099778175354	-0.29877811670303345	0.33437758684158325	-0.012700608000159264	-0.15300726890563965	-0.35400712490081787	0.23064744472503662	0.31572845578193665	0.24516816437244415	0.17457705736160278	0.3661603629589081	0.23390398919582367	-0.15990133583545685	-0.04525135084986687	-0.2981876730918884	0.27791064977645874	-0.100858673453331	0.393436074256897	-0.29238495230674744	0.1742473691701889	-0.0725734755396843	-0.338927298784256	-0.35109931230545044	-0.3754958212375641	-0.24654638767242432	0.410147488117218	0.0642152652144432	-0.41603517532348633	0.14584946632385254	-0.404623806476593	0.26429611444473267	0.0977947935461998	0.21215209364891052	-0.10867179185152054	0.03057144023478031	0.3836529850959778	0.04855155199766159	-0.2058914303779602	0.17409886419773102	-0.2802372872829437	0.17220449447631836	-0.02231423929333687	-0.09159700572490692	0.35226818919181824	0.20152832567691803	0.15036410093307495	-0.19148477911949158	-0.324274480342865	-0.06217402592301369	-0.08283199369907379	0.29210972785949707	0.31375735998153687	0.1097087562084198	0.22982755303382874	0.14514967799186707	0.002427227795124054	0.360630601644516	0.11365725100040436	-0.14150984585285187	0.2040455937385559	-0.41874220967292786	-0.4467286169528961
bengals	-0.3964581787586212	-0.2746083438396454	-0.3563040494918823	0.27819105982780457	0.009773755446076393	-0.29464012384414673	-0.2971952557563782	0.3236214518547058	0.27480021119117737	0.3261793255805969	0.12245867401361465	-0.24197857081890106	-0.32940399646759033	0.3870238959789276	-0.17914217710494995	0.4572214186191559	-0.2853928804397583	-0.34390369057655334	-0.36978164315223694	0.360818475484848	0.2320207804441452	0.18699340522289276	0.2177746742963791	0.4456484913825989	-0.43578389286994934	0.3988876938819885	0.39338186383247375	-0.34340700507164	-0.19051845371723175	0.3333756625652313	-0.28238362073898315	-0.25495293736457825	0.2033269852399826	-0.007512535899877548	-0.0003796793462242931	-0.2307334840297699	0.3095210790634155	0.1157756894826889	0.37933266162872314	0.1887432187795639	-0.3750188648700714	0.23415564000606537	-0.23294080793857574	0.34531569480895996	-0.3438338041305542	0.397620290517807	-0.26546424627304077	0.014503159560263157	0.30732929706573486	0.12115049362182617	0.29896894097328186	0.34606942534446716	0.06021609157323837	0.24404150247573853	0.011145461350679398	-0.13893866539001465	0.2982935309410095	-0.18044720590114594	0.34393176436424255	0.26157355308532715	-0.3447513282299042	-0.04066205769777298	-0.3179338574409485	-0.20382729172706604	-0.36695268750190735	-0.3750555217266083	-0.055162910372018814	-0.346943199634552	0.24496859312057495	0.07637099176645279	0.31441375613212585	0.36291059851646423	0.33427342772483826	-0.2504730820655823	-0.41552379727363586	0.3201166093349457	0.062217939645051956	-0.029369117692112923	-0.29391029477119446	0.09783275425434113	-0.2881777286529541	0.2650257647037506	0.19731616973876953	-0.38448283076286316	0.30248594284057617	0.2717439532279968	0.13419033586978912	-0.09481895714998245	-0.189005509018898	-0.35368335247039795	-0.33667632937431335	-0.33039185404777527	-0.3398904502391815	-0.20478717982769012	0.23001228272914886	-0.27371183037757874	0.35154783725738525	0.2921517789363861	0.354026734828949	-0.43876272439956665	-0.25521042943000793	-0.140321284532547	-0.022977104410529137	0.37677040696144104	0.18748332560062408	-0.2192763239145279	0.11479780822992325	-0.26738014817237854	-0.30798307061195374	-0.2525444030761719	0.27262207865715027	0.24106119573116302	0.4918976128101349	-0.20421548187732697	-0.020913127809762955	0.22009792923927307	-0.3989647924900055	0.2051137536764145	0.24395494163036346	0.09158966690301895	-0.3623732924461365	-0.05934816226363182	-0.22303883731365204	0.3001006841659546	0.32746824622154236	-0.26175883412361145	-0.016321182250976562	0.0999862402677536
browns	-0.00112997367978096	0.0037355534732341766	0.009234391152858734	-0.005473434925079346	0.008794654160737991	-0.026851749047636986	-0.029026342555880547	0.012791339308023453	-0.029360711574554443	-0.021282721310853958	0.045883048325777054	-0.021573472768068314	0.01574680581688881	0.011115454137325287	0.027481529861688614	0.011871911585330963	0.024873007088899612	-0.02764108218252659	-0.030262542888522148	0.008642017841339111	0.03902788087725639	0.03391803428530693	0.026312384754419327	0.040135446935892105	0.03765534237027168	-0.017612837255001068	0.043425071984529495	-0.037256576120853424	0.004346191883087158	0.019520629197359085	0.02098388597369194	0.021270696073770523	-0.04682089015841484	0.04422347620129585	0.03216448053717613	-0.01721365377306938	-0.04245225340127945	-0.016074109822511673	0.00888901948928833	-0.006518937647342682	0.008624911308288574	0.009170472621917725	-0.019492125138640404	-0.010281883180141449	0.00711064413189888	-0.024211693555116653	0.012814808636903763	-0.010588549077510834	0.012906935065984726	0.01459827646613121	-0.03708137199282646	0.03801092877984047	0.010557316243648529	-0.013450145721435547	-0.030602609738707542	-0.04094623401761055	0.026764582842588425	0.025677446275949478	0.004750825464725494	0.01720864698290825	0.01654120907187462	-0.016350816935300827	0.007179904729127884	-0.045102156698703766	-0.02191908471286297	-0.01102515310049057	0.008067846298217773	0.03613540902733803	0.024786915630102158	-0.02273726463317871	0.028812620788812637	0.03402585908770561	0.02853623405098915	-0.005897652357816696	0.020772147923707962	-0.0015179738402366638	0.03240399435162544	-0.017596174031496048	0.046866271644830704	-0.02805236540734768	-0.018751204013824463	-0.018040310591459274	0.04713379219174385	-0.04027827829122543	0.0298394076526165	-0.018488846719264984	-0.009681213647127151	-0.03433710336685181	-0.03562070056796074	-0.044913437217473984	0.03936275467276573	0.004480578005313873	0.01375669613480568	0.021001745015382767	-0.02792297676205635	-0.016062594950199127	0.023843932896852493	-0.009433615952730179	0.014300476759672165	0.0454624779522419	0.02902490273118019	-0.03602316230535507	0.026175644248723984	0.02605697140097618	-0.011190176010131836	-0.028088008984923363	-0.015273381024599075	-0.047225117683410645	-0.0034695863723754883	-0.008781719952821732	0.029988598078489304	-0.008097194135189056	-0.0472472682595253	0.038075271993875504	-0.022439217194914818	0.01485690101981163	0.0070006363093853	0.029890719801187515	-0.042878735810518265	0.04288835451006889	0.013600204139947891	0.04262116923928261	-0.02623993158340454	-0.009107541292905807	-0.02478649653494358	0.023480679839849472	0.0008670315146446228	-0.025855112820863724
cowboys	-0.3706805109977722	-0.1468362659215927	0.31366971135139465	-0.31126564741134644	-0.3438522219657898	0.19335705041885376	-0.31486251950263977	0.30661851167678833	0.3459677994251251	-0.31203481554985046	0.14682899415493011	0.2434399127960205	-0.4568481147289276	-0.1395702362060547	-0.013413051143288612	0.18955503404140472	-0.24152152240276337	-0.28827226161956787	-0.3566210865974426	-0.02114349789917469	-0.28217580914497375	-0.37176305055618286	-0.14022135734558105	0.42679932713508606	-0.37425023317337036	0.44286811351776123	0.37106645107269287	-0.009601833298802376	0.3688535690307617	0.32584071159362793	-0.24997058510780334	0.16654889285564423	0.28605860471725464	0.3005829155445099	-0.2881697416305542	-0.357575386762619	0.26652589440345764	-0.15528762340545654	-0.2845291495323181	-0.43516647815704346	0.24586041271686554	0.3209463059902191	-0.3017098009586334	-0.2900879383087158	0.3757060766220093	-0.2988177239894867	-0.2638111412525177	-0.34225770831108093	0.37782925367355347	0.4381425678730011	0.11847392469644547	0.18898017704486847	-0.16922852396965027	-0.2387780398130417	-0.24107171595096588	-0.4045813977718353	-0.3199045956134796	0.42144161462783813	-0.31614646315574646	-0.2817877233028412	0.3842018246650696	-0.004686588887125254	-0.33259695768356323	-0.3554784953594208	0.29047977924346924	-0.27689093351364136	-0.3803688585758209	-0.36667346954345703	0.36278969049453735	-0.37687578797340393	0.27650749683380127	-0.1577831506729126	0.3479462265968323	0.16893509030342102	0.15590330958366394	0.061600275337696075	0.30704912543296814	0.2687629163265228	-0.3268665075302124	0.13207201659679413	-0.2507774233818054	-0.039257459342479706	-0.1808062493801117	0.2985197901725769	-0.033707622438669205	-0.15203271806240082	-0.16549871861934662	0.3241289258003235	-0.323928564786911	-0.36251890659332275	-0.3809044361114502	0.3008267879486084	-0.24557575583457947	-0.17893804609775543	0.2776286005973816	-0.3482165038585663	0.2797110676765442	0.3687695860862732	0.26209303736686707	-0.19703412055969238	0.32976821064949036	0.28889477252960205	0.06031879410147667	0.27998751401901245	0.33916208148002625	-0.390553742647171	0.2385844588279724	-0.14621524512767792	0.11277461796998978	0.30424121022224426	-0.08288473635911942	-0.18218734860420227	0.2836430072784424	-0.28865334391593933	-0.164259672164917	0.368952214717865	0.34993836283683777	0.25023767352104187	0.2515709698200226	0.32958951592445374	0.20194777846336365	-0.24944643676280975	0.3483293950557709	-0.013912907801568508	0.10880954563617706	-0.04046104848384857	-0.3721143305301666	-0.3715273141860962
broncos	-0.2749326527118683	-0.17911885678768158	0.33164769411087036	-0.13175827264785767	-0.19733743369579315	0.22554346919059753	0.2993578612804413	0.26047658920288086	0.2832285761833191	0.16528519988059998	0.16897007822990417	0.2823428809642792	0.19250857830047607	0.24989373981952667	-0.258466511964798	0.22968019545078278	0.0604642853140831	-0.25175920128822327	-0.18294468522071838	0.03966955840587616	0.2865263521671295	0.12233944982290268	0.24900779128074646	0.28776511549949646	0.29279637336730957	0.26521921157836914	0.25099262595176697	0.17720264196395874	0.11429265141487122	0.11286541074514389	0.10718636214733124	0.2335665076971054	-0.19628971815109253	0.24555933475494385	-0.2587152421474457	0.20814262330532074	0.15984682738780975	-0.25681638717651367	-0.34571143984794617	-0.17494408786296844	0.17177371680736542	0.15488025546073914	-0.27048274874687195	0.2017868608236313	-0.18995250761508942	-0.3034660220146179	-0.052732791751623154	-0.2924406826496124	-0.18501153588294983	0.11806803941726685	0.29380425810813904	-0.22242404520511627	-0.32447099685668945	-0.09259632229804993	-0.2994233965873718	0.12089163810014725	0.2886505722999573	-0.30633804202079773	0.29764920473098755	-0.24851617217063904	-0.33409690856933594	-0.051244668662548065	0.30665817856788635	-0.08661030232906342	0.05869045853614807	-0.2758381962776184	0.34200796484947205	0.2914884686470032	0.12135361135005951	-0.33910149335861206	0.026585180312395096	-0.22154492139816284	0.3047073185443878	0.21658958494663239	0.1545155644416809	0.2858426868915558	0.12147130817174911	0.2562862038612366	0.1990935504436493	0.21510083973407745	-0.2874439060688019	0.22682644426822662	-0.22671115398406982	-0.1888347864151001	-0.06751199811697006	0.26303723454475403	0.27076056599617004	-0.2830583155155182	0.11258544027805328	-0.20955774188041687	0.19904974102973938	-0.2894776463508606	0.24995915591716766	0.07189108431339264	-0.03457805514335632	0.02693033032119274	-0.06475228816270828	0.25368204712867737	0.31693920493125916	0.23084795475006104	-0.36115407943725586	0.1532679945230484	-0.27540406584739685	0.020732857286930084	0.30789026618003845	0.08413419872522354	0.03909820318222046	-0.2418610155582428	-0.2981480360031128	-0.16742753982543945	0.12921440601348877	0.05490473657846451	-0.19008855521678925	-0.06815449148416519	0.1789451390504837	-0.029411518946290016	-0.21681244671344757	0.18394136428833008	-0.26761162281036377	-0.007727618794888258	0.23520757257938385	-0.15975439548492432	-0.02105545811355114	0.21677397191524506	-0.19677720963954926	-0.2686426341533661	0.113850899040699	-0.2891235947608948
lions	-0.20780566334724426	0.23874513804912567	0.271794855594635	-0.11904757469892502	-0.23436659574508667	0.25178974866867065	-0.22943712770938873	0.20868510007858276	0.24215441942214966	-0.2538243532180786	-0.253534197807312	0.1817086935043335	-0.25199824571609497	0.12462901324033737	0.03764715790748596	0.24348406493663788	-0.2510559856891632	0.09313908964395523	-0.10972201824188232	-0.21901729702949524	0.2024938464164734	-0.2715625464916229	0.26273539662361145	0.17079147696495056	-0.202238067984581	0.27322402596473694	0.23477748036384583	-0.1301037222146988	-0.13209564983844757	-0.08195790648460388	-0.16467225551605225	-0.19838912785053253	0.27733615040779114	0.24021774530410767	-0.23889710009098053	-0.2087930589914322	0.2637007534503937	0.24755243957042694	-0.20058384537696838	-0.28888440132141113	0.1894945204257965	-0.12839218974113464	-0.19932018220424652	-0.2909581959247589	0.21335093677043915	-0.2474951297044754	-0.2477479875087738	-0.10704788565635681	0.14403212070465088	0.10410037636756897	-0.1671258956193924	0.11304818838834763	0.11662140488624573	-0.13404543697834015	0.19078224897384644	-0.028040248900651932	-0.21384532749652863	-0.18795402348041534	-0.28246238827705383	-0.24964648485183716	0.2685199975967407	0.30545657873153687	-0.0700526311993599	-0.10491467267274857	0.1011245995759964	-0.1766204684972763	-0.014786872081458569	-0.16986073553562164	0.1633382886648178	-0.2185182124376297	0.23611128330230713	0.21385014057159424	0.21869930624961853	0.18636229634284973	0.23381035029888153	0.2580808699131012	0.22329933941364288	0.2720145583152771	-0.20447194576263428	0.2400260865688324	-0.22111521661281586	0.060330744832754135	-0.2641242742538452	0.14467217028141022	-0.23824389278888702	-0.22680604457855225	0.252368688583374	-0.01670204848051071	-0.22802935540676117	-0.1458674669265747	-0.2611013948917389	0.10449881106615067	0.1996699571609497	-0.15514829754829407	0.2472807615995407	-0.20728304982185364	0.13217365741729736	0.12202739715576172	0.22240585088729858	-0.2547697126865387	-0.2091328203678131	0.1956772357225418	-0.07924621552228928	0.20900912582874298	0.22031809389591217	-0.25465822219848633	-0.2853530943393707	0.10945551097393036	0.2173212766647339	0.2567428946495056	-0.2511751353740692	0.14798098802566528	0.2246164083480835	-0.17141230404376984	-0.0011596668045967817	0.2517751455307007	0.17846907675266266	0.2280898541212082	0.0927773267030716	0.07857831567525864	0.14518243074417114	0.27747681736946106	0.22763091325759888	0.19512054324150085	-0.23777447640895844	-0.10615362226963043	-0.25148072838783264	-0.2572242319583893
packers	-0.2098836749792099	-0.1815914660692215	0.12323205173015594	-0.3107973337173462	0.014858855865895748	-0.2668459415435791	-0.06255386024713516	0.22024178504943848	-0.30517375469207764	0.22046461701393127	0.34366485476493835	0.30139538645744324	0.13015007972717285	-0.21945901215076447	-0.33914715051651	-0.1290743052959442	0.30017998814582825	0.13231275975704193	-0.32061967253685	0.05573870986700058	0.2707662582397461	0.277865469455719	0.39779603481292725	0.27776244282722473	0.2906961441040039	0.3192030191421509	0.3346061110496521	-0.26492276787757874	-0.14645938575267792	0.33164218068122864	-0.24323169887065887	0.34138500690460205	-0.015454341657459736	0.2323189228773117	-0.16996100544929504	-0.2978583872318268	-0.1380671262741089	-0.22912436723709106	-0.394997239112854	0.317321240901947	0.30994465947151184	0.2698567807674408	-0.37747547030448914	0.15210126340389252	0.08561532944440842	-0.35855790972709656	0.012216689996421337	-0.39064380526542664	-0.37218326330184937	-0.4539044499397278	0.042002465575933456	-0.33632031083106995	-0.3328856825828552	0.34540656208992004	-0.2767629623413086	-0.3276269733905792	0.29793766140937805	0.1548696756362915	0.2858216166496277	-0.06814346462488174	-0.20149758458137512	-0.18114113807678223	-0.2305389940738678	-0.28867650032043457	-0.29512208700180054	-0.18064086139202118	-0.01581144519150257	0.09515698254108429	-0.4032357633113861	-0.2488073706626892	0.2876841425895691	-0.2821664810180664	0.17950031161308289	0.23192323744297028	0.18529021739959717	0.21392089128494263	0.16799619793891907	0.3718319237232208	-0.21571816504001617	0.03604114428162575	-0.2745974659919739	0.13805484771728516	-0.285532146692276	-0.42443573474884033	0.16964273154735565	0.12373001873493195	0.3135744333267212	0.25312358140945435	-0.21851731836795807	-0.2794240117073059	-0.24892401695251465	-0.1980452984571457	-0.18587744235992432	0.16090846061706543	0.3280106782913208	0.24980612099170685	0.24071532487869263	0.32737958431243896	0.3066597878932953	0.40492013096809387	-0.39374905824661255	-0.0062666600570082664	0.19218170642852783	0.2876143455505371	0.2758938670158386	-0.16083760559558868	-0.3255171775817871	-0.1737125813961029	-0.23902523517608643	-0.04348769783973694	-0.12513841688632965	0.14359284937381744	-0.22223274409770966	-0.1533167064189911	-0.30648520588874817	-0.25684496760368347	-0.15670214593410492	0.319408655166626	-0.33563321828842163	0.2793270945549011	0.34840890765190125	-0.2249341756105423	-0.01892533339560032	0.29447469115257263	-0.1544581949710846	0.2627122700214386	0.3127302825450897	-0.2752901613712311
texans	-0.13125285506248474	0.11395800858736038	-0.018962092697620392	-0.1619969606399536	-0.2708793580532074	-0.33754462003707886	-0.3580811023712158	0.2687622010707855	-0.21604463458061218	0.02188074216246605	0.3311024010181427	0.22953926026821136	-0.13829630613327026	0.15198680758476257	-0.321530282497406	-0.3999350666999817	0.0382976196706295	0.21417418122291565	-0.292656809091568	0.2285771369934082	0.3200594186782837	0.38737019896507263	0.14670224487781525	0.10152573883533478	0.2929854691028595	-0.008051040582358837	-0.16647784411907196	-0.2811910808086395	-0.014281530864536762	-0.07666400820016861	0.26201802492141724	0.33291390538215637	0.26128458976745605	0.17270049452781677	-0.2551356554031372	-0.12595359981060028	0.11482693254947662	-0.33170926570892334	-0.006191136781126261	-0.18055571615695953	0.29360178112983704	0.29713502526283264	-0.02959669940173626	0.37195077538490295	0.3453676998615265	-0.2964693009853363	-0.21087399125099182	-0.07451487332582474	0.30025020241737366	0.3124540150165558	-0.3339618146419525	0.006390601396560669	-0.27607429027557373	-0.33214181661605835	-0.20928235352039337	-0.0025028400123119354	-0.037309762090444565	0.2109105885028839	-0.08166035264730453	-0.23314684629440308	0.3106187582015991	-0.3658295273780823	-0.08909210562705994	-0.1950998157262802	0.30565473437309265	-0.25590047240257263	-0.15877948701381683	-0.26183074712753296	0.07146289199590683	0.15814344584941864	-0.3045346438884735	-0.3485550582408905	0.2854745388031006	0.2609092891216278	0.19865620136260986	0.1392613649368286	0.18192365765571594	-0.22219471633434296	0.09773549437522888	0.04344010353088379	-0.27805471420288086	-0.08876644819974899	0.31827473640441895	0.33657392859458923	0.4152486026287079	0.18724621832370758	-0.08018466085195541	-0.13152706623077393	-0.3119560182094574	-0.249567911028862	-0.27507126331329346	0.22017286717891693	-0.3735489249229431	-0.19392666220664978	0.15382647514343262	-0.3302612900733948	0.28615015745162964	0.32261940836906433	0.22381822764873505	0.1259804666042328	-0.09253900498151779	0.3464835286140442	-0.2737163007259369	-0.3187829554080963	0.1684747338294983	-0.19267651438713074	0.2084486037492752	-0.17042936384677887	-0.2725962698459625	0.20556847751140594	0.2388382852077484	0.11983946710824966	-0.2261747568845749	-0.2587372362613678	-0.24524785578250885	-0.280112624168396	0.2822345197200775	0.27046287059783936	0.09455706924200058	0.1870991289615631	0.33838900923728943	-0.26066187024116516	0.32112249732017517	0.21976947784423828	0.44072458148002625	0.13853740692138672	-0.19366924464702606	-0.20267367362976074
colts	-0.23151017725467682	-0.29875361919403076	0.3497835099697113	-0.18388788402080536	-0.2071632742881775	0.10124211013317108	0.25366780161857605	0.3533627986907959	0.35459932684898376	-0.39841577410697937	0.20956863462924957	0.3220927119255066	0.13029558956623077	0.25531283020973206	-0.219093918800354	0.30538246035575867	-0.39070698618888855	0.24098101258277893	-0.3085000813007355	-0.3503551185131073	0.28168970346450806	0.11337476968765259	0.06827056407928467	0.31373605132102966	-0.22315441071987152	0.2712996006011963	0.17764846980571747	0.23959796130657196	-0.04651575908064842	0.18654918670654297	-0.22758428752422333	0.3178136646747589	-0.18745562434196472	0.36530959606170654	-0.09482282400131226	-0.11499129235744476	0.21428531408309937	-0.2435605674982071	0.017045600339770317	0.27529600262641907	0.24583031237125397	-0.15570715069770813	-0.18548956513404846	-0.298099547624588	0.03276258707046509	-0.24920226633548737	-0.23073816299438477	0.3280496299266815	0.3235315680503845	-0.3584025502204895	-0.08527418971061707	-0.32787811756134033	-0.00037992509896866977	-0.29711461067199707	-0.11655465513467789	-0.24445496499538422	0.12465067207813263	-0.12245674431324005	0.22923579812049866	-0.3681119382381439	-0.10872604697942734	-0.26903948187828064	-0.30150777101516724	-0.30168214440345764	0.024109574034810066	-0.20775678753852844	0.2881782054901123	0.08983759582042694	0.3201228678226471	-0.16955028474330902	0.3077775239944458	0.01874529756605625	0.3392200767993927	0.3420107364654541	0.334554523229599	0.2560102343559265	0.30629804730415344	0.27268877625465393	-0.30664384365081787	-0.2481175810098648	-0.31140029430389404	0.22330501675605774	0.30361229181289673	-0.047828249633312225	-0.3575514256954193	-0.024688832461833954	0.2999802529811859	-0.33798396587371826	-0.3588472604751587	0.2085137814283371	-0.3711239695549011	-0.1857794225215912	0.29814061522483826	0.006406386382877827	0.33418649435043335	0.08863109350204468	-0.2186591774225235	0.24828952550888062	0.07408871501684189	0.21305444836616516	0.2485915720462799	0.16260181367397308	-0.3549824655056	0.33988329768180847	0.18726085126399994	-0.2236046940088272	0.19228403270244598	0.010915170423686504	-0.33481720089912415	0.34617653489112854	0.016912784427404404	0.3131699562072754	0.45828765630722046	0.30326777696609497	-0.23757363855838776	0.3243286609649658	-0.0893520638346672	0.31370481848716736	0.08637368679046631	0.23564590513706207	0.24957183003425598	0.3975101411342621	0.33575326204299927	-0.32261133193969727	-0.35447749495506287	-0.09986875206232071	0.27668851613998413	0.05764090269804001
jaguars	-0.20495936274528503	-0.31194570660591125	0.32977157831192017	-0.30278757214546204	-0.29594355821609497	-0.23168186843395233	0.28946933150291443	0.049885690212249756	0.08486898988485336	0.21102473139762878	-0.03912263363599777	0.12815670669078827	0.1955934315919876	-0.025215178728103638	0.23177173733711243	-0.03973366320133209	-0.2624412775039673	0.20528772473335266	-0.35032427310943604	-0.2077091634273529	-0.34087494015693665	-0.23859849572181702	0.2854693830013275	0.24343429505825043	-0.3198836147785187	0.33151885867118835	0.17313340306282043	-0.2936142385005951	-0.21181896328926086	0.16486240923404694	-0.2113744616508484	0.2835681140422821	0.012203228659927845	0.25794732570648193	-0.18775752186775208	-0.26497164368629456	0.12520544230937958	-0.3348741829395294	-0.2855868339538574	-0.2368464469909668	0.2609417140483856	-0.14688460528850555	-0.03551056608557701	-0.1042524129152298	0.21139225363731384	-0.0746690183877945	0.12684297561645508	-0.11420433223247528	-0.33320334553718567	0.20504406094551086	0.30578306317329407	0.21986238658428192	0.3343155086040497	0.22787858545780182	-0.13169676065444946	0.3353312909603119	-0.0061835069209337234	-0.04281608387827873	0.24569353461265564	-0.24717098474502563	0.3135274648666382	-0.22862260043621063	-0.28551506996154785	-0.28887397050857544	0.28179535269737244	-0.17636947333812714	-0.06816772371530533	-0.14454929530620575	0.12490813434123993	-0.3525599241256714	0.18080975115299225	0.17414997518062592	0.007476499304175377	0.19913563132286072	-0.3412608206272125	0.10157599300146103	0.07686364650726318	-0.12832699716091156	-0.18969887495040894	0.21034744381904602	-0.2716052830219269	-0.29510191082954407	0.3025350570678711	0.26114779710769653	0.29558664560317993	0.32902321219444275	-0.3200552761554718	0.035857606679201126	-0.18408222496509552	-0.24296995997428894	-0.02349059469997883	0.049321308732032776	0.2678355574607849	-0.23597654700279236	-0.3364831209182739	-0.08593722432851791	-0.29900458455085754	0.25440940260887146	0.34121188521385193	0.17051459848880768	0.1125313863158226	-0.07763190567493439	-0.11669135093688965	0.15575000643730164	0.3181287348270416	-0.3606279194355011	-0.3428632915019989	0.27314192056655884	0.3295809030532837	-0.31828275322914124	0.2585199773311615	0.34338632225990295	0.24932458996772766	0.1527436375617981	-0.17021752893924713	0.26157256960868835	0.19628304243087769	0.3128925859928131	0.01876995898783207	0.302421897649765	-0.24160906672477722	-0.24762046337127686	0.2450316995382309	-0.2930486500263214	-0.29934239387512207	0.14248952269554138	0.2604835629463196	-0.22428180277347565
chiefs	-0.19821560382843018	-0.26236966252326965	-0.31380370259284973	0.24811236560344696	-0.08625512570142746	-0.15205803513526917	0.2831140160560608	-0.27115845680236816	0.23919853568077087	0.24523361027240753	0.11545397341251373	0.20634636282920837	0.2837218642234802	-0.14197173714637756	0.2227342128753662	0.22380349040031433	-0.1303129941225052	-0.2696485221385956	0.26915642619132996	-0.2238519787788391	0.015908289700746536	0.2758770287036896	-0.28710538148880005	-0.22987136244773865	0.25926801562309265	-0.30487969517707825	0.2270297408103943	-0.2876083254814148	0.20298214256763458	-0.037947531789541245	0.2212894707918167	0.11641290038824081	-0.2734065651893616	0.11692281812429428	-0.2085612565279007	0.25484567880630493	-0.308788925409317	-0.23902535438537598	-0.24780593812465668	0.2634335160255432	-0.27563950419425964	-0.2108953297138214	-0.029047861695289612	-0.24189190566539764	-0.30199864506721497	-0.02191469445824623	-0.28695493936538696	0.03653561696410179	0.2065717577934265	-0.27441972494125366	0.05822223797440529	-0.2524285912513733	0.27471885085105896	-0.19527874886989594	-0.23494984209537506	0.26772981882095337	0.11183127760887146	0.00590364309027791	0.06971510499715805	0.2489834427833557	0.20873725414276123	-0.19209715723991394	0.013557764701545238	-0.2382274717092514	-0.2302093356847763	-0.23582123219966888	-0.23888948559761047	-0.24720408022403717	0.07632151246070862	-0.28681138157844543	0.28064924478530884	-0.21560759842395782	-0.2691420316696167	0.2076239138841629	0.29362741112709045	0.22748003900051117	0.022990461438894272	-0.17230911552906036	-0.2596805691719055	-0.29759299755096436	0.27481839060783386	-0.19963093101978302	0.28221869468688965	-0.25977981090545654	-0.23059238493442535	0.18835484981536865	0.045649245381355286	0.04387453570961952	-0.07589869201183319	-0.21755379438400269	-0.2840439975261688	0.25577884912490845	0.09243779629468918	0.22954590618610382	0.09162444621324539	0.19147585332393646	-0.12050721049308777	0.2432376742362976	0.16222767531871796	0.2858445346355438	-0.22203944623470306	-0.26696810126304626	0.280320405960083	0.21158520877361298	0.20230218768119812	-0.27734583616256714	-0.279007226228714	0.18632937967777252	-0.07240664958953857	0.26308104395866394	-0.2346583604812622	0.2382992058992386	-0.2110162377357483	0.2787117660045624	-0.14093154668807983	0.14866462349891663	0.259734183549881	0.23615816235542297	0.1581382006406784	0.03857607766985893	-0.24452611804008484	0.23527812957763672	0.014163517393171787	-0.11944612115621567	-0.2540973722934723	0.11431997269392014	-0.12893682718276978	-0.24577556550502777
chargers	-0.1597873568534851	0.19303081929683685	0.008607097901403904	-0.1688947081565857	-0.3617025911808014	-0.06821492314338684	0.27974721789360046	0.14299380779266357	0.1303091049194336	0.29587483406066895	-0.07467109709978104	0.36791151762008667	0.4075603187084198	-0.32562997937202454	-0.3722394108772278	-0.2832004129886627	-0.3501020073890686	-0.29617008566856384	-0.3032974898815155	-0.25496479868888855	-0.030243655666708946	-0.032021161168813705	0.17708684504032135	-0.3017527163028717	0.14823254942893982	0.2482905238866806	-0.2657369077205658	-0.2261677384376526	-0.08712156862020493	0.19524246454238892	-0.2187972217798233	0.20541520416736603	-0.21699370443820953	0.3507864773273468	-0.3804411292076111	0.004389477428048849	0.27903276681900024	-0.2652292549610138	0.1402301788330078	-0.3296646773815155	-0.03689274191856384	0.25048667192459106	-0.39458826184272766	0.10632471740245819	0.10150415450334549	0.10701466351747513	-0.2442161738872528	-0.3237282931804657	-0.08138559758663177	-0.3317657709121704	-0.1483195722103119	-0.3729906976222992	-0.21576538681983948	-0.3087846040725708	0.1019279956817627	0.31038954854011536	0.22227828204631805	0.32988327741622925	0.029178909957408905	0.07534327358007431	-0.10076248645782471	-0.2006409913301468	-0.02185903489589691	0.16154451668262482	0.11669812351465225	-0.3412777781486511	0.02641589753329754	-0.2972308397293091	0.2912781238555908	-0.27384626865386963	0.05482835695147514	-0.2091846764087677	-0.2162349671125412	0.16724811494350433	0.39079549908638	0.37633392214775085	-0.31362128257751465	0.4494416415691376	-0.3364948630332947	-0.35214564204216003	-0.0904025211930275	0.4184579849243164	-0.2579468786716461	-0.11743824183940887	-0.1831759810447693	-0.39794427156448364	0.10914219170808792	-0.4575553834438324	-0.038844987750053406	-0.3179556429386139	-0.1310385763645172	-0.09737257659435272	0.06234211102128029	-0.07744310051202774	0.24361947178840637	0.3828360438346863	0.30530303716659546	0.03912675380706787	0.2619419991970062	0.38244643807411194	-0.3273439407348633	-0.4470576047897339	0.26971110701560974	-0.055606335401535034	0.28176984190940857	0.29704374074935913	-0.3910428583621979	-0.3633664846420288	-0.41666868329048157	0.4411514401435852	0.05663423612713814	0.411184161901474	0.019423995167016983	-0.012811663560569286	-0.4513658881187439	-0.04024693742394447	-0.30966076254844666	0.22001005709171295	-0.07962610572576523	-0.1274089813232422	0.03285772353410721	-0.29351744055747986	0.3783077299594879	0.09294643253087997	-0.4126780331134796	0.17956867814064026	-0.21835219860076904	-0.18309105932712555
rams	0.18392600119113922	-0.17335915565490723	-0.23976024985313416	0.17144006490707397	0.03721582889556885	-0.17359203100204468	-0.2738712728023529	0.1405266523361206	-0.21644844114780426	0.16688847541809082	0.22996439039707184	0.2555927336215973	0.11739730089902878	0.20572751760482788	-0.22784459590911865	-0.26077601313591003	0.12574903666973114	-0.07217682898044586	0.2621661126613617	-0.22780528664588928	0.24308669567108154	0.16071148216724396	-0.29753416776657104	-0.2696171700954437	-0.23058274388313293	-0.14318007230758667	-0.1743191033601761	-0.04635770246386528	0.21910658478736877	-0.06687100231647491	0.2536366581916809	-0.10104160010814667	0.04711737111210823	0.2582981288433075	-0.1954566240310669	-0.194501593708992	0.28255003690719604	-0.20841914415359497	0.2306615710258484	-0.09210708737373352	0.23519499599933624	-0.053416233509778976	0.18989188969135284	0.24414460361003876	0.29780313372612	0.09532991796731949	-0.0902252197265625	-0.1994895190000534	-0.09389833360910416	0.237294539809227	0.1935877799987793	0.3107060492038727	0.2503156065940857	0.2994343936443329	0.22661033272743225	0.1913803219795227	0.1502758413553238	0.23178337514400482	-0.2634388506412506	0.1640740931034088	0.10548809915781021	-0.1302747279405594	0.22835880517959595	-0.26828017830848694	0.08946236968040466	-0.23690392076969147	-0.24532103538513184	-0.24649864435195923	0.08969990164041519	0.27140289545059204	0.037199582904577255	-0.08654113113880157	-0.2548173666000366	-0.1503858119249344	0.20918211340904236	0.21783050894737244	0.24317513406276703	-0.27081283926963806	-0.23065635561943054	0.30608823895454407	-0.2423672378063202	0.2650192379951477	0.19433705508708954	0.28376877307891846	0.2974368929862976	-0.03822366148233414	0.24088318645954132	-0.27298617362976074	-0.24010640382766724	-0.24152839183807373	0.30559656023979187	-0.2607139050960541	-0.19351713359355927	-0.25867655873298645	0.17868337035179138	0.04653376340866089	0.22397173941135406	0.2206082046031952	0.19696249067783356	0.2111438810825348	-0.2130650132894516	0.2175072729587555	-0.0674269050359726	0.15050442516803741	0.24559569358825684	-0.2546352744102478	-0.24150072038173676	-0.26889899373054504	-0.2619697153568268	-0.021888457238674164	-0.09667700529098511	0.04203476756811142	-0.21280808746814728	0.09528098255395889	-0.18395058810710907	0.12163431942462921	-0.2127830684185028	0.26299336552619934	-0.21305270493030548	0.2775169312953949	0.1738223433494568	-0.13071556389331818	0.10458853840827942	0.19463317096233368	0.2763134241104126	0.2097424417734146	0.20388823747634888	0.04663679748773575
dolphins	-0.2944733500480652	-0.21708405017852783	0.126903235912323	-0.15130017697811127	-0.15805929899215698	0.09311451762914658	-0.1693991869688034	0.1710737645626068	0.14585240185260773	0.2301970273256302	0.28073954582214355	0.2652919292449951	0.20779430866241455	0.2400885820388794	-0.25354936718940735	0.2850768268108368	-0.306604266166687	0.06967735290527344	-0.14513418078422546	-0.26994234323501587	0.311553418636322	0.15823782980442047	0.14584480226039886	-0.038104355335235596	-0.022749386727809906	0.26608508825302124	0.019308431074023247	-0.20356471836566925	0.12995243072509766	0.1508055329322815	-0.1928636133670807	0.2657111585140228	0.07168536633253098	0.2788523733615875	-0.231019526720047	-0.2975651025772095	0.22256016731262207	-0.3100288212299347	-0.35035380721092224	0.09263810515403748	0.18707157671451569	0.16111209988594055	-0.1439838856458664	0.2367468625307083	0.17545202374458313	-0.23308289051055908	-0.24555258452892303	0.02915138192474842	0.30561521649360657	-0.30417361855506897	-0.14353498816490173	-0.209190234541893	-0.3058610260486603	0.18050047755241394	-0.29029637575149536	-0.09313204884529114	0.2155933678150177	-0.059199582785367966	0.2602272033691406	-0.22099550068378448	-0.31754806637763977	-0.21550773084163666	-0.28837528824806213	-0.3024527132511139	-0.1688259392976761	-0.2683119773864746	-0.005480063147842884	0.0665660947561264	0.21223697066307068	-0.2627522647380829	0.2688547372817993	-0.3195321559906006	0.25812479853630066	0.20892490446567535	0.14484557509422302	0.28170663118362427	0.31843483448028564	0.2877437174320221	-0.23851925134658813	-0.2930891215801239	-0.19466634094715118	0.30812740325927734	0.18182922899723053	-0.1182776689529419	-0.3081311285495758	-0.09790967404842377	0.15108592808246613	0.07772694528102875	-0.28216350078582764	-0.17323878407478333	-0.219716414809227	-0.2818235754966736	0.23283329606056213	0.07211233675479889	0.32191890478134155	0.25910866260528564	0.1680690050125122	0.33988773822784424	0.2623051404953003	0.31314796209335327	-0.08542075008153915	0.16133436560630798	0.24409036338329315	0.2829999327659607	0.3279889225959778	-0.09144258499145508	-0.025061147287487984	-0.18439829349517822	-0.3362496793270111	0.27104079723358154	-0.025788502767682076	0.28460177779197693	0.32021763920783997	-0.1171129047870636	-0.2543729543685913	-0.16376307606697083	0.019632257521152496	0.2811834514141083	-0.21873115003108978	0.15580087900161743	0.24204877018928528	0.04991220310330391	0.3059171736240387	-0.2297528088092804	-0.25221744179725647	0.002281168010085821	-0.039196375757455826	-0.13683077692985535
vikings	-0.055654775351285934	0.23049162328243256	-0.056197211146354675	-0.23177312314510345	-0.21042509377002716	-0.1266254484653473	-0.32862386107444763	0.4164651930332184	-0.23215621709823608	-0.0763215720653534	0.37740540504455566	-0.019834954291582108	0.2638344466686249	0.0918189212679863	-0.33500921726226807	0.2092798948287964	-0.2670692205429077	-0.10935473442077637	-0.07934194058179855	0.26349931955337524	0.3352328836917877	0.07865826785564423	0.22248566150665283	0.3253016769886017	-0.1550901234149933	0.3616875410079956	0.4732521176338196	-0.2979555130004883	0.3393591642379761	0.4112173318862915	-0.4408370852470398	0.41548866033554077	0.30823254585266113	0.24636350572109222	-0.17017048597335815	-0.18254898488521576	0.2896215319633484	-0.15932439267635345	-0.1577640175819397	-0.2921264171600342	-0.08668868988752365	0.2875349521636963	-0.41639167070388794	0.3044157326221466	-0.04984515905380249	-0.04943332448601723	-0.23397815227508545	-0.38228747248649597	0.10327034443616867	-0.13411593437194824	-0.3652980923652649	-0.18080848455429077	-0.15051458775997162	-0.035322096198797226	-0.36569836735725403	-0.1207299754023552	0.04953071102499962	-0.33386483788490295	0.361920028924942	-0.052146509289741516	-0.1863682121038437	-0.34749671816825867	-0.008475148119032383	-0.353346049785614	0.19379933178424835	-0.44779959321022034	-0.060663700103759766	0.2539554834365845	0.12954191863536835	-0.033912353217601776	-0.16511711478233337	-0.2188926637172699	0.31929638981819153	0.1533857136964798	-0.461877703666687	0.46146300435066223	0.18733195960521698	-0.2168794572353363	-0.20817239582538605	-0.469607412815094	-0.39278921484947205	0.258166640996933	-0.1195196583867073	-0.22635504603385925	-0.2858145833015442	0.48192480206489563	0.08706164360046387	-0.29152441024780273	-0.4215599596500397	-0.213785782456398	-0.5121936798095703	0.11803968995809555	-0.24759699404239655	-0.08482877910137177	0.30837342143058777	-0.30112090706825256	0.23646964132785797	0.18888269364833832	0.43267419934272766	-0.06503777205944061	-0.23836468160152435	0.24792273342609406	0.3064118027687073	0.28388696908950806	0.22439955174922943	-0.21547292172908783	0.3565956652164459	-0.1988852322101593	-0.28568145632743835	0.3063218295574188	0.12014075368642807	0.12565076351165771	0.15420566499233246	-0.34068816900253296	-0.300175279378891	-0.055486440658569336	-0.017984863370656967	0.4105343520641327	-0.062414802610874176	0.19744081795215607	0.14390936493873596	-0.33665648102760315	0.21959003806114197	-0.10496248304843903	0.20934505760669708	-0.03215339779853821	-0.2391255795955658	-0.36546850204467773
patriots	-0.023205770179629326	0.04037525877356529	-0.002457834780216217	0.02165750041604042	0.022081825882196426	-0.0462903156876564	-0.02153639867901802	-0.04664377123117447	-0.041658271104097366	-0.03384540230035782	-0.03112243488430977	-0.032278358936309814	-0.02909846417605877	6.998702883720398e-05	0.018384430557489395	0.04552112892270088	-0.0005746372044086456	-0.010862350463867188	-0.04604172706604004	0.031778525561094284	0.039396051317453384	0.04518384858965874	-0.028668690472841263	-0.03235671669244766	-0.0003990642726421356	-0.04317912086844444	-0.027822935953736305	-0.03862224891781807	-0.03487485647201538	-0.0033511631190776825	-0.008121095597743988	0.02698352560400963	-0.02975255250930786	0.015478614717721939	0.04692735895514488	-0.0365954153239727	0.0035225264728069305	0.042891863733530045	-0.02456582896411419	0.04077973589301109	0.02165699377655983	0.006597984582185745	-0.04975620657205582	0.04393061622977257	-0.001721404492855072	0.015785228461027145	0.04184189811348915	-0.029779518023133278	-0.04249195009469986	0.046098124235868454	0.03263132646679878	-0.01525573804974556	0.015521135181188583	0.039942409843206406	-0.009836114943027496	-0.034535717219114304	-0.019877171143889427	0.004213880747556686	-0.015839219093322754	-0.042534198611974716	-0.03807389736175537	-0.04894223436713219	-0.017585359513759613	-0.016250871121883392	-0.01714116334915161	-0.046669114381074905	0.010924708098173141	-0.04079117625951767	0.04592820629477501	0.04870789125561714	-0.02992144785821438	-0.010715782642364502	0.019616607576608658	-0.028347505256533623	-0.031150246039032936	0.030026648193597794	0.04726015403866768	0.01911136880517006	-0.04558310657739639	-0.04845879226922989	0.004959821701049805	0.02940962091088295	-0.027332140132784843	0.046637121587991714	0.03196277841925621	-0.017616402357816696	0.006450079381465912	-0.038548849523067474	-0.02940439060330391	-0.026782764121890068	-0.0010298267006874084	-0.04063677787780762	-0.03411225229501724	0.03852199390530586	0.013438951224088669	-0.025244414806365967	-0.00018794462084770203	-0.02285078726708889	-0.019613957032561302	-0.020136212930083275	0.034036193042993546	0.01210012286901474	-0.019962990656495094	-0.009803224354982376	-0.025267470628023148	-0.016517244279384613	0.025033842772245407	0.01544051244854927	-0.04791216924786568	0.010424364358186722	0.04630153253674507	0.015484940260648727	0.006237231194972992	-0.03440728038549423	0.029927168041467667	-0.006044197827577591	-0.03471033647656441	-0.025969816371798515	0.014343086630105972	-0.021979356184601784	0.034184958785772324	0.03265610709786415	-0.002749122679233551	0.0035989880561828613	0.005004119127988815	0.039463628083467484	-0.0051607489585876465	-0.037952862679958344
saints	0.21762992441654205	-0.4218873083591461	0.3856600821018219	-0.021072443574666977	-0.17077824473381042	0.31243014335632324	0.11339576542377472	0.27019309997558594	0.027630513533949852	-0.07045820355415344	0.3740679919719696	0.3449757695198059	-0.29766595363616943	0.3364567756652832	-0.2759020924568176	-0.20920288562774658	-0.22226807475090027	-0.33333921432495117	-0.2701137363910675	-0.36622822284698486	0.3942866027355194	0.13275425136089325	0.08250933140516281	0.4029214680194855	-0.34952467679977417	0.4534722566604614	0.4046781659126282	-0.39840060472488403	-0.33713865280151367	0.42288923263549805	-0.38317352533340454	-0.13714657723903656	-0.304892361164093	-0.12058879435062408	-0.3814598321914673	-0.3349401652812958	0.4604353606700897	-0.07280554622411728	0.364853173494339	0.43019136786460876	0.38400784134864807	0.3043847680091858	-0.4260950982570648	0.3390556871891022	-0.017816981300711632	0.425383061170578	-0.40083593130111694	-0.3481545150279999	0.38276493549346924	-0.22092163562774658	0.37594175338745117	-0.4075703024864197	-0.15316082537174225	0.3959725797176361	-0.19353865087032318	0.15065965056419373	0.27517449855804443	-0.3356344699859619	0.34622472524642944	-0.29824209213256836	0.4080532491207123	-0.2808956503868103	-0.141588494181633	0.08532138913869858	-0.4281909167766571	-0.29620346426963806	0.41058802604675293	0.28712669014930725	0.27785366773605347	0.2679902911186218	0.45665815472602844	-0.35989248752593994	0.18171623349189758	-0.026457760483026505	-0.2727450430393219	0.21466891467571259	0.10696253180503845	0.3309842050075531	-0.35794374346733093	0.3174874782562256	-0.3891276717185974	0.25741562247276306	0.1431124210357666	-0.04005430266261101	0.21489258110523224	0.43744105100631714	-0.17754220962524414	-0.057972509413957596	-0.45942261815071106	0.46801337599754333	-0.41001227498054504	-0.34764954447746277	-0.09306555241346359	0.25904107093811035	-0.06920208036899567	-0.09925759583711624	0.31973588466644287	0.33306393027305603	0.4057276248931885	0.33211126923561096	0.27809464931488037	-0.03581491485238075	-0.1389152556657791	0.4620104134082794	-0.09653232246637344	-0.35120445489883423	0.2926012873649597	-0.40790656208992004	0.1385360211133957	0.3030998110771179	-0.3288132846355438	0.4625105857849121	0.372441828250885	-0.21342551708221436	-0.1814413070678711	0.02329164557158947	-0.10720061510801315	0.32964852452278137	0.33240392804145813	0.35262542963027954	0.30432361364364624	-0.2691803276538849	0.05429695546627045	0.2664443254470825	-0.32259202003479004	-0.2963527739048004	-0.15651103854179382	-0.32732802629470825
giants	-0.17720173299312592	0.21411451697349548	0.21130920946598053	0.23459768295288086	0.2715277373790741	-0.29241275787353516	-0.16678540408611298	-0.18209987878799438	0.24924775958061218	0.19791308045387268	0.22933173179626465	-0.2950517237186432	0.08192945271730423	0.26984286308288574	-0.2575027346611023	0.2299947440624237	-0.12295039743185043	-0.28396061062812805	0.2777848243713379	0.11613534390926361	0.09242919832468033	0.302649587392807	-0.055474843829870224	-0.29857295751571655	-0.07939547300338745	-0.2979204058647156	0.2647518515586853	0.2284507006406784	-0.19215232133865356	0.28857922554016113	-0.2977599501609802	0.09637750685214996	-0.2751184105873108	0.2410954385995865	0.13083669543266296	0.10889565944671631	0.28580284118652344	-0.29214248061180115	0.1188160702586174	0.19386953115463257	-0.23997028172016144	-0.29503333568573	-0.12763822078704834	-0.18434712290763855	-0.29731401801109314	-0.2291041612625122	0.258083313703537	-0.2887251675128937	0.30614110827445984	-0.22694209218025208	0.0071914768777787685	-0.2204899936914444	0.2542852759361267	0.2540973424911499	0.04826889932155609	0.025200337171554565	0.2648651599884033	-0.2852500379085541	-0.22852705419063568	0.2140716314315796	0.1409783512353897	-0.1817038357257843	-0.29931333661079407	-0.18692903220653534	-0.2537299692630768	-0.22544187307357788	-0.27953508496284485	0.2570769190788269	0.2849327623844147	-0.2868873178958893	0.06692776829004288	0.2833729386329651	-0.0056121498346328735	0.28698259592056274	0.260865718126297	0.019465629011392593	-0.11823595315217972	-0.28249773383140564	-0.2924904525279999	-0.2649909257888794	-0.22310568392276764	0.03054378740489483	0.21518594026565552	0.2874152362346649	0.23964494466781616	0.21591757237911224	0.25721055269241333	-0.27980032563209534	0.20666994154453278	0.2915312349796295	-0.23873396217823029	0.2237831950187683	-0.21217578649520874	0.26390525698661804	0.20302599668502808	0.27728092670440674	0.20878587663173676	0.22133956849575043	-0.25592702627182007	0.26239150762557983	-0.26107215881347656	0.0935681015253067	-0.2534868121147156	-0.3011751174926758	-0.23295550048351288	0.28146442770957947	0.04274783656001091	0.27093634009361267	-0.2734999358654022	-0.06854511797428131	-0.23715360462665558	0.026282871142029762	0.21827547252178192	0.25255414843559265	-0.2438693791627884	-0.272229939699173	-0.2490992695093155	-0.23839636147022247	0.25511911511421204	0.08640562742948532	-0.24860306084156036	0.20027005672454834	0.262065052986145	0.27263787388801575	-0.25981682538986206	-0.20738592743873596	-0.18796661496162415	-0.14457669854164124
jets	0.2890198826789856	-0.22123752534389496	0.14055556058883667	-0.220322385430336	0.30101481080055237	0.005183241795748472	-0.23536416888237	-0.23185499012470245	-0.2841954827308655	0.25461071729660034	0.22445587813854218	0.2517904043197632	0.09690778702497482	0.2571341097354889	0.07965997606515884	-0.24408069252967834	-0.2824997901916504	-0.30614185333251953	-0.2889227569103241	0.306229829788208	0.1951729655265808	0.25857919454574585	-0.1852238029241562	-0.217877596616745	-0.284452885389328	-0.25781238079071045	0.23745156824588776	0.24205338954925537	-0.08304543048143387	0.22491802275180817	-0.27060848474502563	0.2523079812526703	-0.24686340987682343	-0.2532638609409332	-0.23162710666656494	0.05235421285033226	0.18048986792564392	-0.17650657892227173	-0.20839211344718933	0.19026488065719604	0.059641920030117035	0.14118975400924683	0.2483721226453781	0.07297081500291824	0.20546314120292664	0.22888046503067017	0.28205201029777527	-0.08892791718244553	0.17686466872692108	0.05895152688026428	-0.2685341536998749	0.1966571807861328	0.20238898694515228	0.2434360235929489	-0.19413991272449493	-0.14213570952415466	-0.22042609751224518	0.29897114634513855	-0.07492239773273468	-0.26089075207710266	0.037782639265060425	-0.14338770508766174	-0.2658923268318176	-0.20310544967651367	0.22578109800815582	-0.22465242445468903	-0.21798254549503326	0.2375255972146988	0.16208156943321228	0.2331324964761734	0.2423824667930603	-0.24495260417461395	-0.23347431421279907	0.06190244108438492	0.23588480055332184	0.25555354356765747	0.1105848178267479	0.12822400033473969	-0.26936137676239014	0.26718562841415405	0.036425016820430756	0.27415117621421814	0.025086011737585068	0.2843816876411438	0.16189152002334595	-0.19704563915729523	0.16393335163593292	-0.22251830995082855	-0.2689509093761444	-0.1830129623413086	0.011351391673088074	-0.05070704594254494	-0.10768458992242813	-0.23765189945697784	-0.25968921184539795	-0.26085102558135986	-0.2584020793437958	0.22292718291282654	-0.18859215080738068	-0.05676279589533806	-0.18267077207565308	-0.2904140055179596	0.1824941486120224	-0.21460673213005066	0.19517828524112701	-0.18964026868343353	-0.1222677081823349	0.0016598396468907595	0.2649400234222412	-0.18835656344890594	0.26147592067718506	0.23103798925876617	-0.2346794456243515	0.24047179520130157	-0.27978450059890747	-0.16137383878231049	0.1950056552886963	0.14152905344963074	-0.11815100163221359	0.18142645061016083	0.2601742446422577	-0.046532511711120605	-0.21754296123981476	0.18200995028018951	-0.2543281614780426	0.2329380065202713	0.17660127580165863	-0.20443032681941986
raiders	0.17793399095535278	-0.3033127784729004	-0.4390988349914551	-0.31643474102020264	-0.3540400266647339	-0.46001705527305603	-0.3770582377910614	0.0650690421462059	0.22604303061962128	0.33761054277420044	0.3269389569759369	0.2319442480802536	-0.2453203648328781	0.27173444628715515	-0.4212563633918762	0.1584148108959198	-0.4154207408428192	-0.3195783197879791	0.22243894636631012	0.4618753492832184	0.37653109431266785	-0.23441246151924133	-0.18543745577335358	-0.29385271668434143	0.41924145817756653	-0.37638020515441895	-0.21611566841602325	-0.35537615418434143	0.32013145089149475	0.3484973609447479	-0.1285490095615387	0.2683764398097992	0.3323897421360016	0.16187888383865356	-0.2922055423259735	-0.22870856523513794	0.08534006029367447	-0.2973754107952118	0.35342249274253845	-0.3109532296657562	-0.10900889337062836	0.35051751136779785	-0.13623031973838806	0.11673517525196075	0.32882213592529297	0.3652869164943695	0.05469150096178055	0.1859428584575653	-0.2807672321796417	-0.30814817547798157	-0.2690475583076477	-0.12352821230888367	-0.4239981174468994	0.20141200721263885	-0.04427475854754448	0.08334672451019287	-0.19795657694339752	-0.3080517649650574	0.3120756447315216	0.1292269378900528	0.12299849092960358	-0.33797699213027954	-0.43338528275489807	-0.14365088939666748	0.3422640264034271	-0.2030351310968399	-0.3024040162563324	-0.09743445366621017	0.25090688467025757	-0.021562788635492325	0.06005117669701576	-0.337908536195755	0.3076721131801605	0.35425615310668945	0.3237861096858978	0.4004625082015991	0.23110495507717133	-0.06264293193817139	0.2689555585384369	-0.36396288871765137	-0.3025732934474945	0.22996659576892853	0.4344695210456848	0.4365178048610687	-0.24802573025226593	0.4305134415626526	-0.27204057574272156	-0.2060481756925583	-0.3299725651741028	0.08477265387773514	-0.08767028898000717	0.25030261278152466	-0.3050405979156494	-0.28840184211730957	0.26519954204559326	0.3248654007911682	0.391018807888031	0.32427969574928284	0.25990089774131775	0.2792060077190399	0.042109712958335876	0.2641645073890686	0.3298099935054779	0.22760526835918427	0.33872222900390625	-0.34097397327423096	0.01140248216688633	-0.1079409196972847	-0.26526758074760437	0.2667800188064575	0.24337223172187805	-0.4210436940193176	-0.36593112349510193	-0.4033459722995758	-0.3179413676261902	-0.34991323947906494	-0.21909892559051514	0.3415825068950653	0.025028089061379433	0.36953991651535034	0.3535500168800354	-0.41624099016189575	0.3103429675102234	-0.07846006751060486	0.4500672519207001	0.18572881817817688	-0.3346247673034668	-0.28403475880622864
eagles	-0.02993302419781685	-0.046404361724853516	0.013671908527612686	-0.02981739118695259	0.01046537235379219	0.019886206835508347	0.049328554421663284	-0.0420382134616375	0.01619788631796837	0.019752327352762222	0.03984207287430763	-0.016901981085538864	-0.019992470741271973	-0.040325917303562164	-0.026059424504637718	-0.04592062160372734	-0.0016793496906757355	-0.025801289826631546	0.04825941100716591	-0.014043770730495453	-0.038340188562870026	0.03792734071612358	0.03619140759110451	-0.01951730251312256	0.015158366411924362	0.038393858820199966	0.006598066538572311	0.039898503571748734	0.03288238123059273	-0.0417398102581501	0.03030310943722725	-0.02860015630722046	-0.02129530906677246	0.018402088433504105	0.02062017098069191	-0.0022644400596618652	0.024638209491968155	-0.035303257405757904	0.025020156055688858	0.03197965398430824	-0.015192341059446335	0.04688138887286186	-0.014668405055999756	-0.006172884255647659	-0.04396877437829971	-0.047962166368961334	0.048761311918497086	-0.04890941455960274	0.042541515082120895	-0.020667804405093193	-0.041005801409482956	-0.013581134378910065	-0.02680746279656887	0.0194937102496624	-0.03086148574948311	0.0477992407977581	0.011263072490692139	0.033332910388708115	0.017351213842630386	0.043819788843393326	-0.0344267264008522	0.01086718961596489	-0.005225609987974167	-0.039604127407073975	0.035133156925439835	0.04023004695773125	-0.03948979452252388	-0.008052624762058258	0.03096022829413414	-0.014928638935089111	-0.048242390155792236	0.027424726635217667	-0.04173250123858452	0.01878396049141884	-0.004528094083070755	-0.04502533748745918	-0.024345362558960915	-0.006094850599765778	0.04214971140027046	0.021570194512605667	0.02518920972943306	-0.003730524331331253	-0.009429894387722015	-0.04675232246518135	0.011467944830656052	-0.0013897791504859924	0.04402214661240578	0.02022278681397438	-0.036729417741298676	-0.04077423736453056	0.026280168443918228	-0.0030827634036540985	0.02380445972084999	-0.04151051118969917	0.029450010508298874	-0.02270033396780491	0.04128694906830788	0.010399676859378815	-0.033907413482666016	0.004763104021549225	-0.02641599252820015	-0.003115367144346237	-0.02794598415493965	0.03069894388318062	-0.04356837272644043	0.033385250717401505	-0.002164077013731003	-0.014546025544404984	0.03542378917336464	-0.03062877617776394	-0.0018220916390419006	-0.013144802302122116	0.04895002022385597	-0.016252875328063965	0.0057204365730285645	-0.018877709284424782	0.00540006160736084	0.01099085807800293	-0.010005701333284378	0.005739271640777588	0.01414492353796959	0.02712266519665718	0.04694273695349693	0.022397104650735855	0.029082123190164566	-0.014234960079193115	-0.04754924774169922	-0.02388552390038967
steelers	-0.007550500333309174	-0.02114398591220379	-0.03144796937704086	0.02566225454211235	0.010316230356693268	0.049445901066064835	0.01329430565237999	-0.004236675798892975	0.007677972316741943	-0.030134379863739014	0.035002853721380234	-0.01607557386159897	0.012268435209989548	-0.02419334650039673	-0.012602388858795166	-0.022642815485596657	0.04588409885764122	-0.018726088106632233	0.021156754344701767	0.04356718435883522	0.022957060486078262	-0.03211501985788345	-0.006808139383792877	0.017837945371866226	0.026765916496515274	0.04619218036532402	-0.03633324056863785	0.014213476330041885	-0.01349104568362236	-0.026496637612581253	-0.011439453810453415	0.005765795707702637	0.030147399753332138	-0.004033602774143219	-0.019156742841005325	0.006343580782413483	-0.023366987705230713	-0.04949384927749634	-0.030486881732940674	0.04679622873663902	-0.035591673105955124	0.02306223288178444	0.007538855075836182	0.043249037116765976	-0.007602356374263763	-0.026132309809327126	0.033802855759859085	0.027480129152536392	-0.04783356189727783	-0.027811730280518532	-0.03713805601000786	-0.02266976796090603	-0.04058513790369034	-0.01726585626602173	-0.0253914725035429	-0.03610104322433472	-0.006399832665920258	0.027472499758005142	0.0460851676762104	0.026137281209230423	-0.03898918628692627	-0.022328531369566917	0.04980068281292915	-0.03411830961704254	0.03585611656308174	0.030341658741235733	-0.042688097804784775	-0.005935121327638626	-0.015211403369903564	0.0022696740925312042	-0.0035723671317100525	0.04847334697842598	0.04298344627022743	-0.004247952252626419	0.03101417049765587	0.037133704870939255	-0.0043739452958106995	0.0453932024538517	0.0048376694321632385	0.03669914975762367	0.02320733293890953	0.02557564154267311	0.04520583525300026	0.045260850340127945	-0.01329653337597847	0.03048432245850563	-0.03526179865002632	0.014176655560731888	-0.011634968221187592	0.0235234834253788	0.04352672025561333	-0.009931348264217377	-0.019373690709471703	-0.0007540211081504822	-0.011685587465763092	0.04483889415860176	0.03352637216448784	0.03811976686120033	0.025579039007425308	0.04369540140032768	-0.030714785680174828	0.034036699682474136	-0.023517513647675514	-0.027341747656464577	0.024458717554807663	0.02388760820031166	0.03812280669808388	0.003232598304748535	0.0007915124297142029	0.012726571410894394	-0.01573965698480606	-0.035818327218294144	-0.006408978253602982	0.03447449579834938	-0.014537014067173004	0.04933028295636177	0.038879457861185074	0.02704472467303276	0.031693506985902786	0.04612508788704872	-0.02489537000656128	0.025875274091959	-0.0016213878989219666	-0.02896709553897381	0.017224814742803574	-0.0001896396279335022	0.04110321030020714	0.04812488332390785
49ers	0.07943978905677795	-0.32010287046432495	0.26779282093048096	-0.16915768384933472	-0.32234814763069153	-0.2939930856227875	-0.2806876301765442	0.02612074464559555	-0.10241670161485672	0.14951583743095398	0.1442083716392517	0.3116041123867035	0.3385123610496521	0.23262377083301544	-0.18833276629447937	0.3526741564273834	-0.2853587865829468	-0.12515534460544586	0.2417544722557068	-0.29035356640815735	0.3207058310508728	0.2555939257144928	0.15608623623847961	-0.27231502532958984	0.29593926668167114	-0.15518376231193542	-0.3240654766559601	0.04562443867325783	0.3517412841320038	0.2547915279865265	-0.21292634308338165	-0.18467441201210022	0.05669599398970604	0.31318745017051697	-0.2617301046848297	-0.288931667804718	0.2103346735239029	-0.30380040407180786	-0.34539932012557983	0.343779981136322	0.2772876024246216	0.25596797466278076	-0.06753960251808167	0.30890169739723206	-0.27754640579223633	-0.26639366149902344	-0.2739265263080597	-0.29019731283187866	-0.2968694567680359	0.3494838774204254	0.26056969165802	-0.3100171387195587	-0.2745416760444641	0.26874202489852905	-0.23957787454128265	0.23920926451683044	0.30056703090667725	-0.01927746832370758	0.11558634787797928	-0.3291405141353607	-0.3443083167076111	-0.3167637288570404	-0.24038879573345184	-0.3591861426830292	0.17456935346126556	-0.2883147597312927	-0.0004270059580449015	-0.2762608230113983	0.10445819050073624	-0.3204081654548645	0.23987919092178345	-0.0483495332300663	0.1952013224363327	0.2691146731376648	-0.14291347563266754	-0.2614506483078003	0.31094110012054443	0.11962345242500305	-0.23081576824188232	-0.1261184811592102	-0.31061235070228577	0.29341068863868713	0.19236010313034058	0.24742360413074493	-0.12748181819915771	0.27462640404701233	0.19129252433776855	0.32175543904304504	0.3535201847553253	-0.2986917197704315	0.1547512710094452	-0.014230111613869667	0.2709110677242279	-0.17610915005207062	0.27524346113204956	0.3003031015396118	0.22413253784179688	0.12372180074453354	-0.047487661242485046	-0.0008237174479290843	-0.1856672763824463	0.11017701774835587	-0.20680436491966248	-0.2913605570793152	0.2169625610113144	-0.025873346254229546	-0.3300741910934448	-0.2910820543766022	-0.32760822772979736	0.15276005864143372	0.22250458598136902	0.17286066710948944	-0.19129794836044312	-0.2534726858139038	0.3746172785758972	-0.273724228143692	0.20849984884262085	0.2903096675872803	-0.17447429895401	0.30811071395874023	0.28557491302490234	-0.14568594098091125	0.2841883897781372	0.14343354105949402	0.006182586774230003	-0.16699659824371338	-0.2359677404165268	-0.22794364392757416
seahawks	-0.08667882531881332	-0.22526505589485168	-0.015125471167266369	-0.2619706392288208	0.24718473851680756	0.056863535195589066	-0.2756568193435669	0.2580703794956207	-0.31486427783966064	-0.25986209511756897	-0.25054284930229187	0.24757730960845947	-0.25153255462646484	0.28775206208229065	0.10030142962932587	-0.24179774522781372	-0.15408185124397278	-0.3073391914367676	-0.008271746337413788	0.20035092532634735	0.23480476438999176	0.20969516038894653	0.2614182233810425	-0.25644025206565857	-0.26355689764022827	-0.23807263374328613	-0.23312310874462128	-0.1513180285692215	-0.20949357748031616	-0.2409299910068512	-0.2350824624300003	0.2813032567501068	-0.007140723057091236	-0.17193074524402618	0.026874655857682228	-0.15681231021881104	0.2891174256801605	-0.18728816509246826	-0.26235508918762207	0.09867339581251144	-0.22794677317142487	0.27982020378112793	-0.12320759892463684	0.2531794607639313	-0.10172729194164276	-0.30366653203964233	0.2354988008737564	-0.10157909244298935	0.2933111786842346	0.23933982849121094	-0.2560902535915375	0.22214257717132568	0.11654161661863327	-0.08908509463071823	0.013781975954771042	-0.26930660009384155	-0.13806074857711792	-0.3089962303638458	-0.2528485059738159	-0.004383412655442953	-0.12323413044214249	0.2890239953994751	-0.2251150906085968	-0.00278511387296021	-0.2574339210987091	0.26118797063827515	0.0496634766459465	-0.20811350643634796	0.21213969588279724	-0.19812887907028198	0.28296542167663574	-0.1601211577653885	0.2231733202934265	-0.04206995293498039	-0.06490481644868851	0.2866772413253784	-0.25769105553627014	0.21316102147102356	-0.23329131305217743	0.20381729304790497	0.18096758425235748	0.2783288359642029	-0.2796314060688019	-0.17610371112823486	-0.09624473005533218	-0.16562941670417786	0.28258201479911804	-0.27269527316093445	-0.22041615843772888	-0.17496681213378906	0.2537596523761749	-0.276721328496933	-0.05646679177880287	0.23609791696071625	-0.19989261031150818	-0.30924102663993835	0.22974933683872223	-0.2803663909435272	0.2569316327571869	0.22899478673934937	-0.24734683334827423	0.13308943808078766	-0.20045773684978485	0.26687389612197876	0.19925415515899658	0.15033529698848724	0.14525215327739716	-0.05357984080910683	0.26258423924446106	-0.23059992492198944	-0.25200262665748596	-0.09556391090154648	-0.25071170926094055	0.20109976828098297	0.026314927265048027	-0.3114418387413025	0.2270595282316208	0.2377057820558548	-0.20494040846824646	0.18450793623924255	0.15203210711479187	0.26033031940460205	-0.2550569176673889	0.1837988942861557	-0.27502188086509705	0.2973394989967346	-0.17053964734077454	0.037423525005578995
buccaneers	0.0009744539856910706	-0.02634195052087307	0.021114517003297806	0.03703122213482857	0.00055689737200737	0.012079764157533646	0.005885861814022064	-0.03188126161694527	0.02626859024167061	0.030028928071260452	0.030273880809545517	0.034722451120615005	-0.00033844634890556335	0.011014509946107864	-0.04808921739459038	-0.048113930970430374	0.048525724560022354	-0.027405953034758568	-0.04131442308425903	0.02843543514609337	-0.018439888954162598	0.044172290712594986	0.04799092933535576	0.04694546386599541	0.0375710166990757	0.012911390513181686	0.03461489453911781	0.041302766650915146	0.0032196417450904846	0.018209222704172134	-0.03829827159643173	0.02886972203850746	0.020192120224237442	-0.03326857089996338	0.03976747766137123	0.03733973577618599	-0.01657693460583687	0.027264926582574844	0.0016464218497276306	-0.015175499022006989	0.03540821000933647	0.04569714143872261	-0.04580843448638916	0.0237518809735775	-0.02179541625082493	0.009596120566129684	-0.03004673682153225	0.03469885513186455	-0.03450196981430054	-0.01878507249057293	-0.012547124177217484	-0.016740012913942337	0.03284624591469765	-0.025436973199248314	0.040247466415166855	0.022572148591279984	0.03638752922415733	-0.043406665325164795	-0.01632358878850937	0.036268461495637894	-0.0002334006130695343	-0.038549769669771194	0.015535783022642136	-0.02592228725552559	0.0068701282143592834	-0.020663155242800713	-0.04095112159848213	-0.027320479974150658	0.020094644278287888	0.04700951650738716	0.02511293813586235	-0.028616297990083694	0.0027256719768047333	-0.0038656964898109436	0.009663738310337067	0.009667575359344482	0.02469935640692711	-0.039706550538539886	0.032938744872808456	-0.03070545196533203	0.04723392799496651	-0.022504663094878197	0.00871652364730835	0.047959987074136734	-0.04099055379629135	0.039358679205179214	-0.038615453988313675	-0.04100587218999863	-0.02878735028207302	0.030338015407323837	-0.012357544153928757	-0.027555836364626884	-0.04821208864450455	-0.03576594591140747	0.025846507400274277	0.02641676738858223	-0.04859659820795059	0.024531934410333633	-0.030159294605255127	0.03602616861462593	0.03738870844244957	-0.034306325018405914	0.04859921708703041	-0.0034930817782878876	0.03272606059908867	0.04849513992667198	0.0033050887286663055	-0.020226730033755302	-0.03450470045208931	-0.031415119767189026	0.03658154234290123	-0.02896336279809475	-0.006262458860874176	-0.009381581097841263	-0.04690436273813248	0.01650010421872139	0.03817358985543251	-0.04936413839459419	0.04856402054429054	-0.019650697708129883	-0.03796950727701187	-0.009162820875644684	-0.035472702234983444	-0.03582625463604927	0.014735091477632523	0.005519174039363861	0.008885741233825684	0.04773663356900215
titans	-0.24863234162330627	-0.301647424697876	0.06286747008562088	-0.01830752193927765	-0.27252015471458435	0.09280256181955338	-0.25478750467300415	0.2471267431974411	0.13847950100898743	0.3142545819282532	0.30881038308143616	0.33167600631713867	0.02429216541349888	0.24358080327510834	-0.2962518036365509	-0.15598371624946594	-0.1504196673631668	-0.11037681251764297	-0.2531622052192688	0.15215453505516052	0.22082437574863434	-0.12112731486558914	0.17106851935386658	-0.0578855462372303	0.2732766568660736	0.023285018280148506	0.2108263224363327	-0.0500447116792202	0.33809006214141846	0.23750555515289307	-0.23081830143928528	0.18637388944625854	0.03217852860689163	0.2886877655982971	-0.2576872408390045	-0.09720679372549057	0.12434025853872299	-0.33835136890411377	-0.21620985865592957	0.1387212574481964	0.23994919657707214	0.2631813585758209	-0.31363290548324585	0.1272115260362625	0.2980828285217285	-0.2974897027015686	-0.05681414157152176	-0.27514585852622986	-0.2942011058330536	0.3392936885356903	0.17680896818637848	-0.08807821571826935	-0.1292175054550171	0.20293653011322021	-0.30438724160194397	-0.14646852016448975	0.23990289866924286	0.05331527069211006	0.169829323887825	-0.23601269721984863	-0.3403930366039276	-0.21947959065437317	-0.22853882610797882	-0.038993947207927704	0.04040329158306122	-0.2715173065662384	-0.18538706004619598	-0.09854589402675629	0.27921679615974426	-0.034103188663721085	0.2829156517982483	-0.1425262689590454	0.26740241050720215	0.12673136591911316	0.2686459720134735	0.22693239152431488	0.2440243661403656	0.2800382375717163	-0.24665501713752747	-0.21830566227436066	-0.211490660905838	0.3191298842430115	0.34328222274780273	0.034729503095149994	-0.22035564482212067	0.2644224762916565	0.24256916344165802	0.11211221665143967	-0.23607134819030762	-0.2543303668498993	0.07084333896636963	-0.09224269539117813	-0.09850742667913437	-0.28119394183158875	0.14177550375461578	-0.02724209800362587	0.24702297151088715	0.10704014450311661	0.26153722405433655	0.31353309750556946	-0.143395334482193	0.2400989830493927	-0.18573391437530518	0.2673836946487427	0.1259736567735672	-0.26657336950302124	0.037141378968954086	-0.31359919905662537	0.09275999665260315	-0.06881306320428848	0.13549929857254028	-0.08854317665100098	-0.2186722457408905	-0.05605399236083031	-0.0792926773428917	-0.049880750477313995	0.20950350165367126	0.28799939155578613	-0.19201624393463135	0.17989039421081543	0.3188643753528595	-0.17883054912090302	0.32836633920669556	0.1505017876625061	-0.3122594356536865	0.34148523211479187	-0.19686023890972137	-0.2839541733264923
